2026-02-09 00:55:18,689 - INFO - Logging initialized. Log file: runs/run_271/training.log
2026-02-09 00:55:18,819 - INFO - ================================================================================
2026-02-09 00:55:18,821 - INFO - SWIN TRANSFORMER EXPLAINABILITY ANALYSIS
2026-02-09 00:55:18,822 - INFO - ================================================================================
2026-02-09 00:55:18,823 - INFO - Run directory: runs/run_271
2026-02-09 00:55:18,825 - INFO - Validating explainability configuration...
2026-02-09 00:55:18,826 - INFO - Configuration validation passed!
2026-02-09 00:55:18,918 - INFO - ✅ All seeds set to 42 (deterministic=True)
2026-02-09 00:55:18,920 - INFO - Random seed set to 42 (deterministic=True)
2026-02-09 00:55:19,054 - INFO - Using device: cuda
2026-02-09 00:55:19,167 - INFO - GPU: NVIDIA A100 80GB PCIe
2026-02-09 00:55:19,168 - INFO - CUDA version: 12.8
2026-02-09 00:55:19,170 - INFO - Loading data for explainability analysis...
2026-02-09 00:55:19,171 - INFO - Dataset: ImageNet
2026-02-09 00:55:19,172 - INFO - Data path: /
2026-02-09 00:55:19,174 - INFO - Starting ImageNet data loading from root: /
2026-02-09 00:55:19,176 - INFO - Resolved root path: /
2026-02-09 00:55:19,177 - INFO - Root path exists: True
2026-02-09 00:55:19,178 - INFO - Root path is dir: True
2026-02-09 00:55:19,186 - INFO - Contents of /: ['/.exec', '/.run', '/.shell', '/.singularity.d', '/.test', '/bin', '/boot', '/dev', '/environment', '/etc', '/home', '/lib', '/lib64', '/media', '/mnt', '/opt', '/proc', '/requirements.txt', '/root', '/run', '/sbin', '/singularity', '/srv', '/sys', '/tmp', '/usr', '/var', '/meta', '/train_set', '/train_set_small', '/val_set', '/val_set_unlabeled']
2026-02-09 00:55:19,187 - INFO - Expected train_dir: /train_set, exists: True
2026-02-09 00:55:19,188 - INFO - Expected val_dir: /val_set, exists: True
2026-02-09 00:55:35,882 - INFO - Loaded ImageNet data from /: train=1281167, val=50000
2026-02-09 00:55:35,884 - INFO - Dataset limits applied
2026-02-09 00:55:35,983 - INFO - Validation set size: 50000
2026-02-09 00:55:35,984 - INFO - Batch size: 1
2026-02-09 00:55:35,985 - INFO - Using pretrained weights: swin_tiny_patch4_window7_224
2026-02-09 00:55:35,986 - INFO - ================================================================================
2026-02-09 00:55:35,988 - INFO - EXPLAINABILITY PIPELINE: Swin Transformer Attention Analysis
2026-02-09 00:55:35,989 - INFO - ================================================================================
2026-02-09 00:55:35,990 - INFO - Creating Swin Transformer model for explainability...
2026-02-09 00:55:36,795 - INFO - Model architecture: Swin Transformer
2026-02-09 00:55:36,796 - INFO - Attention capture: ENABLED
2026-02-09 00:55:36,798 - INFO - embed_dim=96, depths=[2, 2, 6, 2], num_heads=[3, 6, 12, 24], window_size=7
2026-02-09 00:55:36,799 - INFO - Loading pretrained weights: swin_tiny_patch4_window7_224
2026-02-09 00:55:36,800 - INFO - Loading weights from TIMM pretrained model...
2026-02-09 00:55:37,341 - INFO - Loading pretrained weights from Hugging Face hub (timm/swin_tiny_patch4_window7_224.ms_in1k)
2026-02-09 00:55:37,537 - INFO - HTTP Request: HEAD https://huggingface.co/timm/swin_tiny_patch4_window7_224.ms_in1k/resolve/main/model.safetensors "HTTP/1.1 302 Found"
2026-02-09 00:55:37,572 - INFO - [timm/swin_tiny_patch4_window7_224.ms_in1k] Safe alternative available for 'pytorch_model.bin' (as 'model.safetensors'). Loading weights using safetensors.
2026-02-09 00:55:38,175 - INFO - Weight transfer: 169 layers transferred.
2026-02-09 00:55:38,177 - INFO - Weight transfer result: {'transferred': 169, 'missing': 0, 'size_mismatches': 0}
2026-02-09 00:55:38,178 - INFO - Successfully loaded TIMM pretrained weights
2026-02-09 00:55:38,181 - INFO - Total parameters: 27,517,818
2026-02-09 00:55:38,182 - INFO - Trainable parameters: 27,517,818
2026-02-09 00:55:39,734 - INFO - Loading pretrained weights from Hugging Face hub (timm/swin_tiny_patch4_window7_224.ms_in1k)
2026-02-09 00:55:39,855 - INFO - HTTP Request: HEAD https://huggingface.co/timm/swin_tiny_patch4_window7_224.ms_in1k/resolve/main/model.safetensors "HTTP/1.1 302 Found"
2026-02-09 00:55:39,865 - INFO - [timm/swin_tiny_patch4_window7_224.ms_in1k] Safe alternative available for 'pytorch_model.bin' (as 'model.safetensors'). Loading weights using safetensors.
2026-02-09 00:55:39,932 - INFO - Grad-CAM head: 4/4 weight tensors loaded from TIMM
2026-02-09 00:55:39,934 - INFO - Grad-CAM module initialised successfully
2026-02-09 00:55:39,935 - INFO - Extracting 30 sample images using 'diverse_classes' strategy...
2026-02-09 00:55:39,936 - INFO - Diverse sampling: 10 classes × 3 samples
2026-02-09 00:55:39,943 - INFO -   Selected classes: [25, 104, 114, 142, 228, 250, 281, 654, 754, 759]
2026-02-09 00:55:40,466 - INFO -   Collected 30 samples from 10 classes
2026-02-09 00:55:40,681 - INFO - Extracted 30 samples (shape: torch.Size([30, 3, 224, 224]))
2026-02-09 00:55:41,157 - INFO - Unique classes: 10 — [25, 104, 114, 142, 228, 250, 281, 654, 754, 759]
2026-02-09 00:55:41,165 - INFO - Visualizations will be saved to: runs/run_271/visualizations
2026-02-09 00:55:41,167 - INFO - Generating attention visualizations...
2026-02-09 00:55:41,177 - INFO - Processing sample 1/30 (dataset idx: 1293, label: 25)
2026-02-09 00:55:46,169 - INFO - Extracted 12 attention maps
2026-02-09 00:55:46,171 - INFO -   Stage 0 Block 0: attn=[64, 3, 49, 49], res=(56, 56), windows=64 (expected 64) ✓, shifted=False
2026-02-09 00:55:46,172 - INFO -   Stage 0 Block 1: attn=[64, 3, 49, 49], res=(56, 56), windows=64 (expected 64) ✓, shifted=True
2026-02-09 00:55:46,174 - INFO -   Stage 1 Block 0: attn=[16, 6, 49, 49], res=(28, 28), windows=16 (expected 16) ✓, shifted=False
2026-02-09 00:55:46,175 - INFO -   Stage 1 Block 1: attn=[16, 6, 49, 49], res=(28, 28), windows=16 (expected 16) ✓, shifted=True
2026-02-09 00:55:46,176 - INFO -   Stage 2 Block 0: attn=[4, 12, 49, 49], res=(14, 14), windows=4 (expected 4) ✓, shifted=False
2026-02-09 00:55:46,177 - INFO -   Stage 2 Block 1: attn=[4, 12, 49, 49], res=(14, 14), windows=4 (expected 4) ✓, shifted=True
2026-02-09 00:55:46,179 - INFO -   Stage 2 Block 2: attn=[4, 12, 49, 49], res=(14, 14), windows=4 (expected 4) ✓, shifted=False
2026-02-09 00:55:46,180 - INFO -   Stage 2 Block 3: attn=[4, 12, 49, 49], res=(14, 14), windows=4 (expected 4) ✓, shifted=True
2026-02-09 00:55:46,181 - INFO -   Stage 2 Block 4: attn=[4, 12, 49, 49], res=(14, 14), windows=4 (expected 4) ✓, shifted=False
2026-02-09 00:55:46,183 - INFO -   Stage 2 Block 5: attn=[4, 12, 49, 49], res=(14, 14), windows=4 (expected 4) ✓, shifted=True
2026-02-09 00:55:46,184 - INFO -   Stage 3 Block 0: attn=[1, 24, 49, 49], res=(7, 7), windows=1 (expected 1) ✓, shifted=False
2026-02-09 00:55:46,185 - INFO -   Stage 3 Block 1: attn=[1, 24, 49, 49], res=(7, 7), windows=1 (expected 1) ✓, shifted=False
2026-02-09 00:55:47,389 - INFO - Saved W-MSA vs SW-MSA comparison to runs/run_271/visualizations/sample_1293_label_25/wmsa_vs_swmsa_stage0_center.png
2026-02-09 00:55:47,391 - INFO -   Generated W-MSA vs SW-MSA comparison for stage 0
2026-02-09 00:55:47,926 - INFO - Saved W-MSA vs SW-MSA comparison to runs/run_271/visualizations/sample_1293_label_25/wmsa_vs_swmsa_stage1_center.png
2026-02-09 00:55:47,928 - INFO -   Generated W-MSA vs SW-MSA comparison for stage 1
2026-02-09 00:55:48,473 - INFO - Saved W-MSA vs SW-MSA comparison to runs/run_271/visualizations/sample_1293_label_25/wmsa_vs_swmsa_stage2_center.png
2026-02-09 00:55:48,474 - INFO -   Generated W-MSA vs SW-MSA comparison for stage 2
2026-02-09 00:55:48,822 - INFO - Saved combined W-MSA+SW-MSA overlay to runs/run_271/visualizations/sample_1293_label_25/combined_wmsa_swmsa_stage0.png
2026-02-09 00:55:48,825 - INFO -   Generated combined W-MSA+SW-MSA overlay for stage 0
2026-02-09 00:55:49,269 - INFO - Saved combined W-MSA+SW-MSA overlay to runs/run_271/visualizations/sample_1293_label_25/combined_wmsa_swmsa_stage1.png
2026-02-09 00:55:49,271 - INFO -   Generated combined W-MSA+SW-MSA overlay for stage 1
2026-02-09 00:55:49,897 - INFO - Saved combined W-MSA+SW-MSA overlay to runs/run_271/visualizations/sample_1293_label_25/combined_wmsa_swmsa_stage2.png
2026-02-09 00:55:49,899 - INFO -   Generated combined W-MSA+SW-MSA overlay for stage 2
2026-02-09 00:55:50,882 - INFO - Saved per-head attention to runs/run_271/visualizations/sample_1293_label_25/per_head_stage1.png
2026-02-09 00:55:50,884 - INFO -   Generated per-head attention for stage 1
2026-02-09 00:55:52,768 - INFO - Saved per-head attention to runs/run_271/visualizations/sample_1293_label_25/per_head_stage2.png
2026-02-09 00:55:52,771 - INFO -   Generated per-head attention for stage 2
2026-02-09 00:55:53,768 - INFO - Saved stage evolution to runs/run_271/visualizations/sample_1293_label_25/attention_evolution_across_stages.png
2026-02-09 00:55:53,770 - INFO -   Generated stage evolution visualization
2026-02-09 00:55:57,329 - INFO -   Grad-CAM stage 0: 56×56 → 224×224, class=25
2026-02-09 00:55:57,334 - INFO -   Grad-CAM stage 1: 28×28 → 224×224, class=25
2026-02-09 00:55:57,340 - INFO -   Grad-CAM stage 2: 14×14 → 224×224, class=25
2026-02-09 00:55:57,345 - INFO -   Grad-CAM stage 3: 7×7 → 224×224, class=25
2026-02-09 00:55:58,086 - INFO - Saved Grad-CAM multi-stage → runs/run_271/visualizations/sample_1293_label_25/gradcam_multistage_analysis.png
2026-02-09 00:55:58,087 - INFO -   Generated Grad-CAM multi-stage analysis
2026-02-09 00:55:58,515 - INFO - Saved attention vs Grad-CAM → runs/run_271/visualizations/sample_1293_label_25/attention_vs_gradcam_stage2.png
2026-02-09 00:55:58,516 - INFO -   Generated attention vs Grad-CAM comparison (stage 2)
2026-02-09 00:55:59,548 - INFO -   Saved attention statistics to runs/run_271/visualizations/sample_1293_label_25/attention_statistics.json
2026-02-09 00:56:00,021 - INFO - Saved attention summary to runs/run_271/visualizations/sample_1293_label_25/attention_summary.png
2026-02-09 00:56:00,022 - INFO -   Generated attention summary plot
2026-02-09 00:56:00,023 - INFO - Processing sample 2/30 (dataset idx: 1297, label: 25)
2026-02-09 00:56:00,054 - INFO - Extracted 12 attention maps
2026-02-09 00:56:00,056 - INFO -   Stage 0 Block 0: attn=[64, 3, 49, 49], res=(56, 56), windows=64 (expected 64) ✓, shifted=False
2026-02-09 00:56:00,057 - INFO -   Stage 0 Block 1: attn=[64, 3, 49, 49], res=(56, 56), windows=64 (expected 64) ✓, shifted=True
2026-02-09 00:56:00,058 - INFO -   Stage 1 Block 0: attn=[16, 6, 49, 49], res=(28, 28), windows=16 (expected 16) ✓, shifted=False
2026-02-09 00:56:00,059 - INFO -   Stage 1 Block 1: attn=[16, 6, 49, 49], res=(28, 28), windows=16 (expected 16) ✓, shifted=True
2026-02-09 00:56:00,060 - INFO -   Stage 2 Block 0: attn=[4, 12, 49, 49], res=(14, 14), windows=4 (expected 4) ✓, shifted=False
2026-02-09 00:56:00,061 - INFO -   Stage 2 Block 1: attn=[4, 12, 49, 49], res=(14, 14), windows=4 (expected 4) ✓, shifted=True
2026-02-09 00:56:00,062 - INFO -   Stage 2 Block 2: attn=[4, 12, 49, 49], res=(14, 14), windows=4 (expected 4) ✓, shifted=False
2026-02-09 00:56:00,063 - INFO -   Stage 2 Block 3: attn=[4, 12, 49, 49], res=(14, 14), windows=4 (expected 4) ✓, shifted=True
2026-02-09 00:56:00,064 - INFO -   Stage 2 Block 4: attn=[4, 12, 49, 49], res=(14, 14), windows=4 (expected 4) ✓, shifted=False
2026-02-09 00:56:00,065 - INFO -   Stage 2 Block 5: attn=[4, 12, 49, 49], res=(14, 14), windows=4 (expected 4) ✓, shifted=True
2026-02-09 00:56:00,066 - INFO -   Stage 3 Block 0: attn=[1, 24, 49, 49], res=(7, 7), windows=1 (expected 1) ✓, shifted=False
2026-02-09 00:56:00,067 - INFO -   Stage 3 Block 1: attn=[1, 24, 49, 49], res=(7, 7), windows=1 (expected 1) ✓, shifted=False
2026-02-09 00:56:00,621 - INFO - Saved W-MSA vs SW-MSA comparison to runs/run_271/visualizations/sample_1297_label_25/wmsa_vs_swmsa_stage0_center.png
2026-02-09 00:56:00,623 - INFO -   Generated W-MSA vs SW-MSA comparison for stage 0
2026-02-09 00:56:01,136 - INFO - Saved W-MSA vs SW-MSA comparison to runs/run_271/visualizations/sample_1297_label_25/wmsa_vs_swmsa_stage1_center.png
2026-02-09 00:56:01,137 - INFO -   Generated W-MSA vs SW-MSA comparison for stage 1
2026-02-09 00:56:01,657 - INFO - Saved W-MSA vs SW-MSA comparison to runs/run_271/visualizations/sample_1297_label_25/wmsa_vs_swmsa_stage2_center.png
2026-02-09 00:56:01,659 - INFO -   Generated W-MSA vs SW-MSA comparison for stage 2
2026-02-09 00:56:01,981 - INFO - Saved combined W-MSA+SW-MSA overlay to runs/run_271/visualizations/sample_1297_label_25/combined_wmsa_swmsa_stage0.png
2026-02-09 00:56:01,982 - INFO -   Generated combined W-MSA+SW-MSA overlay for stage 0
2026-02-09 00:56:02,309 - INFO - Saved combined W-MSA+SW-MSA overlay to runs/run_271/visualizations/sample_1297_label_25/combined_wmsa_swmsa_stage1.png
2026-02-09 00:56:02,311 - INFO -   Generated combined W-MSA+SW-MSA overlay for stage 1
2026-02-09 00:56:02,648 - INFO - Saved combined W-MSA+SW-MSA overlay to runs/run_271/visualizations/sample_1297_label_25/combined_wmsa_swmsa_stage2.png
2026-02-09 00:56:02,650 - INFO -   Generated combined W-MSA+SW-MSA overlay for stage 2
2026-02-09 00:56:03,769 - INFO - Saved per-head attention to runs/run_271/visualizations/sample_1297_label_25/per_head_stage1.png
2026-02-09 00:56:03,770 - INFO -   Generated per-head attention for stage 1
2026-02-09 00:56:05,540 - INFO - Saved per-head attention to runs/run_271/visualizations/sample_1297_label_25/per_head_stage2.png
2026-02-09 00:56:05,543 - INFO -   Generated per-head attention for stage 2
2026-02-09 00:56:06,199 - INFO - Saved stage evolution to runs/run_271/visualizations/sample_1297_label_25/attention_evolution_across_stages.png
2026-02-09 00:56:06,200 - INFO -   Generated stage evolution visualization
2026-02-09 00:56:06,428 - INFO -   Grad-CAM stage 0: 56×56 → 224×224, class=25
2026-02-09 00:56:06,430 - INFO -   Grad-CAM stage 1: 28×28 → 224×224, class=25
2026-02-09 00:56:06,433 - INFO -   Grad-CAM stage 2: 14×14 → 224×224, class=25
2026-02-09 00:56:06,435 - INFO -   Grad-CAM stage 3: 7×7 → 224×224, class=25
2026-02-09 00:56:07,324 - INFO - Saved Grad-CAM multi-stage → runs/run_271/visualizations/sample_1297_label_25/gradcam_multistage_analysis.png
2026-02-09 00:56:07,326 - INFO -   Generated Grad-CAM multi-stage analysis
2026-02-09 00:56:07,675 - INFO - Saved attention vs Grad-CAM → runs/run_271/visualizations/sample_1297_label_25/attention_vs_gradcam_stage2.png
2026-02-09 00:56:07,676 - INFO -   Generated attention vs Grad-CAM comparison (stage 2)
2026-02-09 00:56:07,880 - INFO -   Saved attention statistics to runs/run_271/visualizations/sample_1297_label_25/attention_statistics.json
2026-02-09 00:56:08,267 - INFO - Saved attention summary to runs/run_271/visualizations/sample_1297_label_25/attention_summary.png
2026-02-09 00:56:08,268 - INFO -   Generated attention summary plot
2026-02-09 00:56:08,269 - INFO - Processing sample 3/30 (dataset idx: 1284, label: 25)
2026-02-09 00:56:08,287 - INFO - Extracted 12 attention maps
2026-02-09 00:56:08,288 - INFO -   Stage 0 Block 0: attn=[64, 3, 49, 49], res=(56, 56), windows=64 (expected 64) ✓, shifted=False
2026-02-09 00:56:08,290 - INFO -   Stage 0 Block 1: attn=[64, 3, 49, 49], res=(56, 56), windows=64 (expected 64) ✓, shifted=True
2026-02-09 00:56:08,291 - INFO -   Stage 1 Block 0: attn=[16, 6, 49, 49], res=(28, 28), windows=16 (expected 16) ✓, shifted=False
2026-02-09 00:56:08,292 - INFO -   Stage 1 Block 1: attn=[16, 6, 49, 49], res=(28, 28), windows=16 (expected 16) ✓, shifted=True
2026-02-09 00:56:08,295 - INFO -   Stage 2 Block 0: attn=[4, 12, 49, 49], res=(14, 14), windows=4 (expected 4) ✓, shifted=False
2026-02-09 00:56:08,296 - INFO -   Stage 2 Block 1: attn=[4, 12, 49, 49], res=(14, 14), windows=4 (expected 4) ✓, shifted=True
2026-02-09 00:56:08,297 - INFO -   Stage 2 Block 2: attn=[4, 12, 49, 49], res=(14, 14), windows=4 (expected 4) ✓, shifted=False
2026-02-09 00:56:08,298 - INFO -   Stage 2 Block 3: attn=[4, 12, 49, 49], res=(14, 14), windows=4 (expected 4) ✓, shifted=True
2026-02-09 00:56:08,299 - INFO -   Stage 2 Block 4: attn=[4, 12, 49, 49], res=(14, 14), windows=4 (expected 4) ✓, shifted=False
2026-02-09 00:56:08,300 - INFO -   Stage 2 Block 5: attn=[4, 12, 49, 49], res=(14, 14), windows=4 (expected 4) ✓, shifted=True
2026-02-09 00:56:08,301 - INFO -   Stage 3 Block 0: attn=[1, 24, 49, 49], res=(7, 7), windows=1 (expected 1) ✓, shifted=False
2026-02-09 00:56:08,302 - INFO -   Stage 3 Block 1: attn=[1, 24, 49, 49], res=(7, 7), windows=1 (expected 1) ✓, shifted=False
2026-02-09 00:56:08,914 - INFO - Saved W-MSA vs SW-MSA comparison to runs/run_271/visualizations/sample_1284_label_25/wmsa_vs_swmsa_stage0_center.png
2026-02-09 00:56:08,916 - INFO -   Generated W-MSA vs SW-MSA comparison for stage 0
2026-02-09 00:56:09,361 - INFO - Saved W-MSA vs SW-MSA comparison to runs/run_271/visualizations/sample_1284_label_25/wmsa_vs_swmsa_stage1_center.png
2026-02-09 00:56:09,362 - INFO -   Generated W-MSA vs SW-MSA comparison for stage 1
2026-02-09 00:56:09,837 - INFO - Saved W-MSA vs SW-MSA comparison to runs/run_271/visualizations/sample_1284_label_25/wmsa_vs_swmsa_stage2_center.png
2026-02-09 00:56:09,839 - INFO -   Generated W-MSA vs SW-MSA comparison for stage 2
2026-02-09 00:56:10,104 - INFO - Saved combined W-MSA+SW-MSA overlay to runs/run_271/visualizations/sample_1284_label_25/combined_wmsa_swmsa_stage0.png
2026-02-09 00:56:10,105 - INFO -   Generated combined W-MSA+SW-MSA overlay for stage 0
2026-02-09 00:56:10,372 - INFO - Saved combined W-MSA+SW-MSA overlay to runs/run_271/visualizations/sample_1284_label_25/combined_wmsa_swmsa_stage1.png
2026-02-09 00:56:10,373 - INFO -   Generated combined W-MSA+SW-MSA overlay for stage 1
2026-02-09 00:56:10,656 - INFO - Saved combined W-MSA+SW-MSA overlay to runs/run_271/visualizations/sample_1284_label_25/combined_wmsa_swmsa_stage2.png
2026-02-09 00:56:10,657 - INFO -   Generated combined W-MSA+SW-MSA overlay for stage 2
2026-02-09 00:56:11,663 - INFO - Saved per-head attention to runs/run_271/visualizations/sample_1284_label_25/per_head_stage1.png
2026-02-09 00:56:11,665 - INFO -   Generated per-head attention for stage 1
2026-02-09 00:56:13,254 - INFO - Saved per-head attention to runs/run_271/visualizations/sample_1284_label_25/per_head_stage2.png
2026-02-09 00:56:13,257 - INFO -   Generated per-head attention for stage 2
2026-02-09 00:56:13,860 - INFO - Saved stage evolution to runs/run_271/visualizations/sample_1284_label_25/attention_evolution_across_stages.png
2026-02-09 00:56:13,862 - INFO -   Generated stage evolution visualization
2026-02-09 00:56:13,925 - INFO -   Grad-CAM stage 0: 56×56 → 224×224, class=25
2026-02-09 00:56:13,928 - INFO -   Grad-CAM stage 1: 28×28 → 224×224, class=25
2026-02-09 00:56:13,931 - INFO -   Grad-CAM stage 2: 14×14 → 224×224, class=25
2026-02-09 00:56:13,934 - INFO -   Grad-CAM stage 3: 7×7 → 224×224, class=25
2026-02-09 00:56:14,811 - INFO - Saved Grad-CAM multi-stage → runs/run_271/visualizations/sample_1284_label_25/gradcam_multistage_analysis.png
2026-02-09 00:56:14,813 - INFO -   Generated Grad-CAM multi-stage analysis
2026-02-09 00:56:15,179 - INFO - Saved attention vs Grad-CAM → runs/run_271/visualizations/sample_1284_label_25/attention_vs_gradcam_stage2.png
2026-02-09 00:56:15,181 - INFO -   Generated attention vs Grad-CAM comparison (stage 2)
2026-02-09 00:56:15,310 - INFO -   Saved attention statistics to runs/run_271/visualizations/sample_1284_label_25/attention_statistics.json
2026-02-09 00:56:15,670 - INFO - Saved attention summary to runs/run_271/visualizations/sample_1284_label_25/attention_summary.png
2026-02-09 00:56:15,671 - INFO -   Generated attention summary plot
2026-02-09 00:56:15,673 - INFO - Processing sample 4/30 (dataset idx: 5205, label: 104)
2026-02-09 00:56:15,690 - INFO - Extracted 12 attention maps
2026-02-09 00:56:15,692 - INFO -   Stage 0 Block 0: attn=[64, 3, 49, 49], res=(56, 56), windows=64 (expected 64) ✓, shifted=False
2026-02-09 00:56:15,693 - INFO -   Stage 0 Block 1: attn=[64, 3, 49, 49], res=(56, 56), windows=64 (expected 64) ✓, shifted=True
2026-02-09 00:56:15,694 - INFO -   Stage 1 Block 0: attn=[16, 6, 49, 49], res=(28, 28), windows=16 (expected 16) ✓, shifted=False
2026-02-09 00:56:15,696 - INFO -   Stage 1 Block 1: attn=[16, 6, 49, 49], res=(28, 28), windows=16 (expected 16) ✓, shifted=True
2026-02-09 00:56:15,697 - INFO -   Stage 2 Block 0: attn=[4, 12, 49, 49], res=(14, 14), windows=4 (expected 4) ✓, shifted=False
2026-02-09 00:56:15,698 - INFO -   Stage 2 Block 1: attn=[4, 12, 49, 49], res=(14, 14), windows=4 (expected 4) ✓, shifted=True
2026-02-09 00:56:15,700 - INFO -   Stage 2 Block 2: attn=[4, 12, 49, 49], res=(14, 14), windows=4 (expected 4) ✓, shifted=False
2026-02-09 00:56:15,701 - INFO -   Stage 2 Block 3: attn=[4, 12, 49, 49], res=(14, 14), windows=4 (expected 4) ✓, shifted=True
2026-02-09 00:56:15,702 - INFO -   Stage 2 Block 4: attn=[4, 12, 49, 49], res=(14, 14), windows=4 (expected 4) ✓, shifted=False
2026-02-09 00:56:15,703 - INFO -   Stage 2 Block 5: attn=[4, 12, 49, 49], res=(14, 14), windows=4 (expected 4) ✓, shifted=True
2026-02-09 00:56:15,705 - INFO -   Stage 3 Block 0: attn=[1, 24, 49, 49], res=(7, 7), windows=1 (expected 1) ✓, shifted=False
2026-02-09 00:56:15,706 - INFO -   Stage 3 Block 1: attn=[1, 24, 49, 49], res=(7, 7), windows=1 (expected 1) ✓, shifted=False
2026-02-09 00:56:16,186 - INFO - Saved W-MSA vs SW-MSA comparison to runs/run_271/visualizations/sample_5205_label_104/wmsa_vs_swmsa_stage0_center.png
2026-02-09 00:56:16,187 - INFO -   Generated W-MSA vs SW-MSA comparison for stage 0
2026-02-09 00:56:16,607 - INFO - Saved W-MSA vs SW-MSA comparison to runs/run_271/visualizations/sample_5205_label_104/wmsa_vs_swmsa_stage1_center.png
2026-02-09 00:56:16,608 - INFO -   Generated W-MSA vs SW-MSA comparison for stage 1
2026-02-09 00:56:17,155 - INFO - Saved W-MSA vs SW-MSA comparison to runs/run_271/visualizations/sample_5205_label_104/wmsa_vs_swmsa_stage2_center.png
2026-02-09 00:56:17,157 - INFO -   Generated W-MSA vs SW-MSA comparison for stage 2
2026-02-09 00:56:17,455 - INFO - Saved combined W-MSA+SW-MSA overlay to runs/run_271/visualizations/sample_5205_label_104/combined_wmsa_swmsa_stage0.png
2026-02-09 00:56:17,456 - INFO -   Generated combined W-MSA+SW-MSA overlay for stage 0
2026-02-09 00:56:17,724 - INFO - Saved combined W-MSA+SW-MSA overlay to runs/run_271/visualizations/sample_5205_label_104/combined_wmsa_swmsa_stage1.png
2026-02-09 00:56:17,726 - INFO -   Generated combined W-MSA+SW-MSA overlay for stage 1
2026-02-09 00:56:17,997 - INFO - Saved combined W-MSA+SW-MSA overlay to runs/run_271/visualizations/sample_5205_label_104/combined_wmsa_swmsa_stage2.png
2026-02-09 00:56:17,999 - INFO -   Generated combined W-MSA+SW-MSA overlay for stage 2
2026-02-09 00:56:18,831 - INFO - Saved per-head attention to runs/run_271/visualizations/sample_5205_label_104/per_head_stage1.png
2026-02-09 00:56:18,833 - INFO -   Generated per-head attention for stage 1
2026-02-09 00:56:20,682 - INFO - Saved per-head attention to runs/run_271/visualizations/sample_5205_label_104/per_head_stage2.png
2026-02-09 00:56:20,685 - INFO -   Generated per-head attention for stage 2
2026-02-09 00:56:21,282 - INFO - Saved stage evolution to runs/run_271/visualizations/sample_5205_label_104/attention_evolution_across_stages.png
2026-02-09 00:56:21,283 - INFO -   Generated stage evolution visualization
2026-02-09 00:56:21,345 - INFO -   Grad-CAM stage 0: 56×56 → 224×224, class=104
2026-02-09 00:56:21,348 - INFO -   Grad-CAM stage 1: 28×28 → 224×224, class=104
2026-02-09 00:56:21,351 - INFO -   Grad-CAM stage 2: 14×14 → 224×224, class=104
2026-02-09 00:56:21,353 - INFO -   Grad-CAM stage 3: 7×7 → 224×224, class=104
2026-02-09 00:56:22,003 - INFO - Saved Grad-CAM multi-stage → runs/run_271/visualizations/sample_5205_label_104/gradcam_multistage_analysis.png
2026-02-09 00:56:22,004 - INFO -   Generated Grad-CAM multi-stage analysis
2026-02-09 00:56:22,584 - INFO - Saved attention vs Grad-CAM → runs/run_271/visualizations/sample_5205_label_104/attention_vs_gradcam_stage2.png
2026-02-09 00:56:22,585 - INFO -   Generated attention vs Grad-CAM comparison (stage 2)
2026-02-09 00:56:22,728 - INFO -   Saved attention statistics to runs/run_271/visualizations/sample_5205_label_104/attention_statistics.json
2026-02-09 00:56:23,107 - INFO - Saved attention summary to runs/run_271/visualizations/sample_5205_label_104/attention_summary.png
2026-02-09 00:56:23,108 - INFO -   Generated attention summary plot
2026-02-09 00:56:23,109 - INFO - Processing sample 5/30 (dataset idx: 5237, label: 104)
2026-02-09 00:56:23,127 - INFO - Extracted 12 attention maps
2026-02-09 00:56:23,128 - INFO -   Stage 0 Block 0: attn=[64, 3, 49, 49], res=(56, 56), windows=64 (expected 64) ✓, shifted=False
2026-02-09 00:56:23,129 - INFO -   Stage 0 Block 1: attn=[64, 3, 49, 49], res=(56, 56), windows=64 (expected 64) ✓, shifted=True
2026-02-09 00:56:23,131 - INFO -   Stage 1 Block 0: attn=[16, 6, 49, 49], res=(28, 28), windows=16 (expected 16) ✓, shifted=False
2026-02-09 00:56:23,132 - INFO -   Stage 1 Block 1: attn=[16, 6, 49, 49], res=(28, 28), windows=16 (expected 16) ✓, shifted=True
2026-02-09 00:56:23,133 - INFO -   Stage 2 Block 0: attn=[4, 12, 49, 49], res=(14, 14), windows=4 (expected 4) ✓, shifted=False
2026-02-09 00:56:23,134 - INFO -   Stage 2 Block 1: attn=[4, 12, 49, 49], res=(14, 14), windows=4 (expected 4) ✓, shifted=True
2026-02-09 00:56:23,136 - INFO -   Stage 2 Block 2: attn=[4, 12, 49, 49], res=(14, 14), windows=4 (expected 4) ✓, shifted=False
2026-02-09 00:56:23,137 - INFO -   Stage 2 Block 3: attn=[4, 12, 49, 49], res=(14, 14), windows=4 (expected 4) ✓, shifted=True
2026-02-09 00:56:23,138 - INFO -   Stage 2 Block 4: attn=[4, 12, 49, 49], res=(14, 14), windows=4 (expected 4) ✓, shifted=False
2026-02-09 00:56:23,139 - INFO -   Stage 2 Block 5: attn=[4, 12, 49, 49], res=(14, 14), windows=4 (expected 4) ✓, shifted=True
2026-02-09 00:56:23,141 - INFO -   Stage 3 Block 0: attn=[1, 24, 49, 49], res=(7, 7), windows=1 (expected 1) ✓, shifted=False
2026-02-09 00:56:23,141 - INFO -   Stage 3 Block 1: attn=[1, 24, 49, 49], res=(7, 7), windows=1 (expected 1) ✓, shifted=False
2026-02-09 00:56:23,605 - INFO - Saved W-MSA vs SW-MSA comparison to runs/run_271/visualizations/sample_5237_label_104/wmsa_vs_swmsa_stage0_center.png
2026-02-09 00:56:23,606 - INFO -   Generated W-MSA vs SW-MSA comparison for stage 0
2026-02-09 00:56:24,071 - INFO - Saved W-MSA vs SW-MSA comparison to runs/run_271/visualizations/sample_5237_label_104/wmsa_vs_swmsa_stage1_center.png
2026-02-09 00:56:24,072 - INFO -   Generated W-MSA vs SW-MSA comparison for stage 1
2026-02-09 00:56:24,750 - INFO - Saved W-MSA vs SW-MSA comparison to runs/run_271/visualizations/sample_5237_label_104/wmsa_vs_swmsa_stage2_center.png
2026-02-09 00:56:24,751 - INFO -   Generated W-MSA vs SW-MSA comparison for stage 2
2026-02-09 00:56:25,054 - INFO - Saved combined W-MSA+SW-MSA overlay to runs/run_271/visualizations/sample_5237_label_104/combined_wmsa_swmsa_stage0.png
2026-02-09 00:56:25,056 - INFO -   Generated combined W-MSA+SW-MSA overlay for stage 0
2026-02-09 00:56:25,355 - INFO - Saved combined W-MSA+SW-MSA overlay to runs/run_271/visualizations/sample_5237_label_104/combined_wmsa_swmsa_stage1.png
2026-02-09 00:56:25,357 - INFO -   Generated combined W-MSA+SW-MSA overlay for stage 1
2026-02-09 00:56:25,657 - INFO - Saved combined W-MSA+SW-MSA overlay to runs/run_271/visualizations/sample_5237_label_104/combined_wmsa_swmsa_stage2.png
2026-02-09 00:56:25,659 - INFO -   Generated combined W-MSA+SW-MSA overlay for stage 2
2026-02-09 00:56:26,521 - INFO - Saved per-head attention to runs/run_271/visualizations/sample_5237_label_104/per_head_stage1.png
2026-02-09 00:56:26,523 - INFO -   Generated per-head attention for stage 1
2026-02-09 00:56:28,464 - INFO - Saved per-head attention to runs/run_271/visualizations/sample_5237_label_104/per_head_stage2.png
2026-02-09 00:56:28,468 - INFO -   Generated per-head attention for stage 2
2026-02-09 00:56:29,091 - INFO - Saved stage evolution to runs/run_271/visualizations/sample_5237_label_104/attention_evolution_across_stages.png
2026-02-09 00:56:29,093 - INFO -   Generated stage evolution visualization
2026-02-09 00:56:29,159 - INFO -   Grad-CAM stage 0: 56×56 → 224×224, class=104
2026-02-09 00:56:29,163 - INFO -   Grad-CAM stage 1: 28×28 → 224×224, class=104
2026-02-09 00:56:29,165 - INFO -   Grad-CAM stage 2: 14×14 → 224×224, class=104
2026-02-09 00:56:29,168 - INFO -   Grad-CAM stage 3: 7×7 → 224×224, class=104
2026-02-09 00:56:29,820 - INFO - Saved Grad-CAM multi-stage → runs/run_271/visualizations/sample_5237_label_104/gradcam_multistage_analysis.png
2026-02-09 00:56:29,822 - INFO -   Generated Grad-CAM multi-stage analysis
2026-02-09 00:56:30,487 - INFO - Saved attention vs Grad-CAM → runs/run_271/visualizations/sample_5237_label_104/attention_vs_gradcam_stage2.png
2026-02-09 00:56:30,489 - INFO -   Generated attention vs Grad-CAM comparison (stage 2)
2026-02-09 00:56:30,641 - INFO -   Saved attention statistics to runs/run_271/visualizations/sample_5237_label_104/attention_statistics.json
2026-02-09 00:56:31,007 - INFO - Saved attention summary to runs/run_271/visualizations/sample_5237_label_104/attention_summary.png
2026-02-09 00:56:31,008 - INFO -   Generated attention summary plot
2026-02-09 00:56:31,009 - INFO - Processing sample 6/30 (dataset idx: 5227, label: 104)
2026-02-09 00:56:31,027 - INFO - Extracted 12 attention maps
2026-02-09 00:56:31,028 - INFO -   Stage 0 Block 0: attn=[64, 3, 49, 49], res=(56, 56), windows=64 (expected 64) ✓, shifted=False
2026-02-09 00:56:31,029 - INFO -   Stage 0 Block 1: attn=[64, 3, 49, 49], res=(56, 56), windows=64 (expected 64) ✓, shifted=True
2026-02-09 00:56:31,031 - INFO -   Stage 1 Block 0: attn=[16, 6, 49, 49], res=(28, 28), windows=16 (expected 16) ✓, shifted=False
2026-02-09 00:56:31,032 - INFO -   Stage 1 Block 1: attn=[16, 6, 49, 49], res=(28, 28), windows=16 (expected 16) ✓, shifted=True
2026-02-09 00:56:31,033 - INFO -   Stage 2 Block 0: attn=[4, 12, 49, 49], res=(14, 14), windows=4 (expected 4) ✓, shifted=False
2026-02-09 00:56:31,034 - INFO -   Stage 2 Block 1: attn=[4, 12, 49, 49], res=(14, 14), windows=4 (expected 4) ✓, shifted=True
2026-02-09 00:56:31,035 - INFO -   Stage 2 Block 2: attn=[4, 12, 49, 49], res=(14, 14), windows=4 (expected 4) ✓, shifted=False
2026-02-09 00:56:31,036 - INFO -   Stage 2 Block 3: attn=[4, 12, 49, 49], res=(14, 14), windows=4 (expected 4) ✓, shifted=True
2026-02-09 00:56:31,038 - INFO -   Stage 2 Block 4: attn=[4, 12, 49, 49], res=(14, 14), windows=4 (expected 4) ✓, shifted=False
2026-02-09 00:56:31,039 - INFO -   Stage 2 Block 5: attn=[4, 12, 49, 49], res=(14, 14), windows=4 (expected 4) ✓, shifted=True
2026-02-09 00:56:31,040 - INFO -   Stage 3 Block 0: attn=[1, 24, 49, 49], res=(7, 7), windows=1 (expected 1) ✓, shifted=False
2026-02-09 00:56:31,041 - INFO -   Stage 3 Block 1: attn=[1, 24, 49, 49], res=(7, 7), windows=1 (expected 1) ✓, shifted=False
2026-02-09 00:56:31,591 - INFO - Saved W-MSA vs SW-MSA comparison to runs/run_271/visualizations/sample_5227_label_104/wmsa_vs_swmsa_stage0_center.png
2026-02-09 00:56:31,592 - INFO -   Generated W-MSA vs SW-MSA comparison for stage 0
2026-02-09 00:56:32,062 - INFO - Saved W-MSA vs SW-MSA comparison to runs/run_271/visualizations/sample_5227_label_104/wmsa_vs_swmsa_stage1_center.png
2026-02-09 00:56:32,063 - INFO -   Generated W-MSA vs SW-MSA comparison for stage 1
2026-02-09 00:56:32,538 - INFO - Saved W-MSA vs SW-MSA comparison to runs/run_271/visualizations/sample_5227_label_104/wmsa_vs_swmsa_stage2_center.png
2026-02-09 00:56:32,540 - INFO -   Generated W-MSA vs SW-MSA comparison for stage 2
2026-02-09 00:56:32,870 - INFO - Saved combined W-MSA+SW-MSA overlay to runs/run_271/visualizations/sample_5227_label_104/combined_wmsa_swmsa_stage0.png
2026-02-09 00:56:32,872 - INFO -   Generated combined W-MSA+SW-MSA overlay for stage 0
2026-02-09 00:56:33,182 - INFO - Saved combined W-MSA+SW-MSA overlay to runs/run_271/visualizations/sample_5227_label_104/combined_wmsa_swmsa_stage1.png
2026-02-09 00:56:33,183 - INFO -   Generated combined W-MSA+SW-MSA overlay for stage 1
2026-02-09 00:56:33,527 - INFO - Saved combined W-MSA+SW-MSA overlay to runs/run_271/visualizations/sample_5227_label_104/combined_wmsa_swmsa_stage2.png
2026-02-09 00:56:33,528 - INFO -   Generated combined W-MSA+SW-MSA overlay for stage 2
2026-02-09 00:56:34,484 - INFO - Saved per-head attention to runs/run_271/visualizations/sample_5227_label_104/per_head_stage1.png
2026-02-09 00:56:34,486 - INFO -   Generated per-head attention for stage 1
2026-02-09 00:56:36,635 - INFO - Saved per-head attention to runs/run_271/visualizations/sample_5227_label_104/per_head_stage2.png
2026-02-09 00:56:36,639 - INFO -   Generated per-head attention for stage 2
2026-02-09 00:56:37,310 - INFO - Saved stage evolution to runs/run_271/visualizations/sample_5227_label_104/attention_evolution_across_stages.png
2026-02-09 00:56:37,312 - INFO -   Generated stage evolution visualization
2026-02-09 00:56:37,365 - INFO -   Grad-CAM stage 0: 56×56 → 224×224, class=62
2026-02-09 00:56:37,368 - INFO -   Grad-CAM stage 1: 28×28 → 224×224, class=62
2026-02-09 00:56:37,371 - INFO -   Grad-CAM stage 2: 14×14 → 224×224, class=62
2026-02-09 00:56:37,374 - INFO -   Grad-CAM stage 3: 7×7 → 224×224, class=62
2026-02-09 00:56:38,012 - INFO - Saved Grad-CAM multi-stage → runs/run_271/visualizations/sample_5227_label_104/gradcam_multistage_analysis.png
2026-02-09 00:56:38,014 - INFO -   Generated Grad-CAM multi-stage analysis
2026-02-09 00:56:38,429 - INFO - Saved attention vs Grad-CAM → runs/run_271/visualizations/sample_5227_label_104/attention_vs_gradcam_stage2.png
2026-02-09 00:56:38,430 - INFO -   Generated attention vs Grad-CAM comparison (stage 2)
2026-02-09 00:56:38,559 - INFO -   Saved attention statistics to runs/run_271/visualizations/sample_5227_label_104/attention_statistics.json
2026-02-09 00:56:39,151 - INFO - Saved attention summary to runs/run_271/visualizations/sample_5227_label_104/attention_summary.png
2026-02-09 00:56:39,153 - INFO -   Generated attention summary plot
2026-02-09 00:56:39,154 - INFO - Processing sample 7/30 (dataset idx: 5702, label: 114)
2026-02-09 00:56:39,171 - INFO - Extracted 12 attention maps
2026-02-09 00:56:39,173 - INFO -   Stage 0 Block 0: attn=[64, 3, 49, 49], res=(56, 56), windows=64 (expected 64) ✓, shifted=False
2026-02-09 00:56:39,174 - INFO -   Stage 0 Block 1: attn=[64, 3, 49, 49], res=(56, 56), windows=64 (expected 64) ✓, shifted=True
2026-02-09 00:56:39,175 - INFO -   Stage 1 Block 0: attn=[16, 6, 49, 49], res=(28, 28), windows=16 (expected 16) ✓, shifted=False
2026-02-09 00:56:39,177 - INFO -   Stage 1 Block 1: attn=[16, 6, 49, 49], res=(28, 28), windows=16 (expected 16) ✓, shifted=True
2026-02-09 00:56:39,178 - INFO -   Stage 2 Block 0: attn=[4, 12, 49, 49], res=(14, 14), windows=4 (expected 4) ✓, shifted=False
2026-02-09 00:56:39,179 - INFO -   Stage 2 Block 1: attn=[4, 12, 49, 49], res=(14, 14), windows=4 (expected 4) ✓, shifted=True
2026-02-09 00:56:39,180 - INFO -   Stage 2 Block 2: attn=[4, 12, 49, 49], res=(14, 14), windows=4 (expected 4) ✓, shifted=False
2026-02-09 00:56:39,182 - INFO -   Stage 2 Block 3: attn=[4, 12, 49, 49], res=(14, 14), windows=4 (expected 4) ✓, shifted=True
2026-02-09 00:56:39,183 - INFO -   Stage 2 Block 4: attn=[4, 12, 49, 49], res=(14, 14), windows=4 (expected 4) ✓, shifted=False
2026-02-09 00:56:39,184 - INFO -   Stage 2 Block 5: attn=[4, 12, 49, 49], res=(14, 14), windows=4 (expected 4) ✓, shifted=True
2026-02-09 00:56:39,186 - INFO -   Stage 3 Block 0: attn=[1, 24, 49, 49], res=(7, 7), windows=1 (expected 1) ✓, shifted=False
2026-02-09 00:56:39,187 - INFO -   Stage 3 Block 1: attn=[1, 24, 49, 49], res=(7, 7), windows=1 (expected 1) ✓, shifted=False
2026-02-09 00:56:39,624 - INFO - Saved W-MSA vs SW-MSA comparison to runs/run_271/visualizations/sample_5702_label_114/wmsa_vs_swmsa_stage0_center.png
2026-02-09 00:56:39,625 - INFO -   Generated W-MSA vs SW-MSA comparison for stage 0
2026-02-09 00:56:40,128 - INFO - Saved W-MSA vs SW-MSA comparison to runs/run_271/visualizations/sample_5702_label_114/wmsa_vs_swmsa_stage1_center.png
2026-02-09 00:56:40,130 - INFO -   Generated W-MSA vs SW-MSA comparison for stage 1
2026-02-09 00:56:40,600 - INFO - Saved W-MSA vs SW-MSA comparison to runs/run_271/visualizations/sample_5702_label_114/wmsa_vs_swmsa_stage2_center.png
2026-02-09 00:56:40,602 - INFO -   Generated W-MSA vs SW-MSA comparison for stage 2
2026-02-09 00:56:40,870 - INFO - Saved combined W-MSA+SW-MSA overlay to runs/run_271/visualizations/sample_5702_label_114/combined_wmsa_swmsa_stage0.png
2026-02-09 00:56:40,871 - INFO -   Generated combined W-MSA+SW-MSA overlay for stage 0
2026-02-09 00:56:41,308 - INFO - Saved combined W-MSA+SW-MSA overlay to runs/run_271/visualizations/sample_5702_label_114/combined_wmsa_swmsa_stage1.png
2026-02-09 00:56:41,310 - INFO -   Generated combined W-MSA+SW-MSA overlay for stage 1
2026-02-09 00:56:41,607 - INFO - Saved combined W-MSA+SW-MSA overlay to runs/run_271/visualizations/sample_5702_label_114/combined_wmsa_swmsa_stage2.png
2026-02-09 00:56:41,608 - INFO -   Generated combined W-MSA+SW-MSA overlay for stage 2
2026-02-09 00:56:42,412 - INFO - Saved per-head attention to runs/run_271/visualizations/sample_5702_label_114/per_head_stage1.png
2026-02-09 00:56:42,413 - INFO -   Generated per-head attention for stage 1
2026-02-09 00:56:44,256 - INFO - Saved per-head attention to runs/run_271/visualizations/sample_5702_label_114/per_head_stage2.png
2026-02-09 00:56:44,259 - INFO -   Generated per-head attention for stage 2
2026-02-09 00:56:44,836 - INFO - Saved stage evolution to runs/run_271/visualizations/sample_5702_label_114/attention_evolution_across_stages.png
2026-02-09 00:56:44,838 - INFO -   Generated stage evolution visualization
2026-02-09 00:56:44,901 - INFO -   Grad-CAM stage 0: 56×56 → 224×224, class=114
2026-02-09 00:56:44,904 - INFO -   Grad-CAM stage 1: 28×28 → 224×224, class=114
2026-02-09 00:56:44,907 - INFO -   Grad-CAM stage 2: 14×14 → 224×224, class=114
2026-02-09 00:56:44,909 - INFO -   Grad-CAM stage 3: 7×7 → 224×224, class=114
2026-02-09 00:56:45,576 - INFO - Saved Grad-CAM multi-stage → runs/run_271/visualizations/sample_5702_label_114/gradcam_multistage_analysis.png
2026-02-09 00:56:45,578 - INFO -   Generated Grad-CAM multi-stage analysis
2026-02-09 00:56:45,939 - INFO - Saved attention vs Grad-CAM → runs/run_271/visualizations/sample_5702_label_114/attention_vs_gradcam_stage2.png
2026-02-09 00:56:45,940 - INFO -   Generated attention vs Grad-CAM comparison (stage 2)
2026-02-09 00:56:46,070 - INFO -   Saved attention statistics to runs/run_271/visualizations/sample_5702_label_114/attention_statistics.json
2026-02-09 00:56:46,661 - INFO - Saved attention summary to runs/run_271/visualizations/sample_5702_label_114/attention_summary.png
2026-02-09 00:56:46,662 - INFO -   Generated attention summary plot
2026-02-09 00:56:46,663 - INFO - Processing sample 8/30 (dataset idx: 5701, label: 114)
2026-02-09 00:56:46,681 - INFO - Extracted 12 attention maps
2026-02-09 00:56:46,682 - INFO -   Stage 0 Block 0: attn=[64, 3, 49, 49], res=(56, 56), windows=64 (expected 64) ✓, shifted=False
2026-02-09 00:56:46,684 - INFO -   Stage 0 Block 1: attn=[64, 3, 49, 49], res=(56, 56), windows=64 (expected 64) ✓, shifted=True
2026-02-09 00:56:46,685 - INFO -   Stage 1 Block 0: attn=[16, 6, 49, 49], res=(28, 28), windows=16 (expected 16) ✓, shifted=False
2026-02-09 00:56:46,686 - INFO -   Stage 1 Block 1: attn=[16, 6, 49, 49], res=(28, 28), windows=16 (expected 16) ✓, shifted=True
2026-02-09 00:56:46,687 - INFO -   Stage 2 Block 0: attn=[4, 12, 49, 49], res=(14, 14), windows=4 (expected 4) ✓, shifted=False
2026-02-09 00:56:46,688 - INFO -   Stage 2 Block 1: attn=[4, 12, 49, 49], res=(14, 14), windows=4 (expected 4) ✓, shifted=True
2026-02-09 00:56:46,689 - INFO -   Stage 2 Block 2: attn=[4, 12, 49, 49], res=(14, 14), windows=4 (expected 4) ✓, shifted=False
2026-02-09 00:56:46,690 - INFO -   Stage 2 Block 3: attn=[4, 12, 49, 49], res=(14, 14), windows=4 (expected 4) ✓, shifted=True
2026-02-09 00:56:46,691 - INFO -   Stage 2 Block 4: attn=[4, 12, 49, 49], res=(14, 14), windows=4 (expected 4) ✓, shifted=False
2026-02-09 00:56:46,693 - INFO -   Stage 2 Block 5: attn=[4, 12, 49, 49], res=(14, 14), windows=4 (expected 4) ✓, shifted=True
2026-02-09 00:56:46,694 - INFO -   Stage 3 Block 0: attn=[1, 24, 49, 49], res=(7, 7), windows=1 (expected 1) ✓, shifted=False
2026-02-09 00:56:46,695 - INFO -   Stage 3 Block 1: attn=[1, 24, 49, 49], res=(7, 7), windows=1 (expected 1) ✓, shifted=False
2026-02-09 00:56:47,161 - INFO - Saved W-MSA vs SW-MSA comparison to runs/run_271/visualizations/sample_5701_label_114/wmsa_vs_swmsa_stage0_center.png
2026-02-09 00:56:47,162 - INFO -   Generated W-MSA vs SW-MSA comparison for stage 0
2026-02-09 00:56:47,611 - INFO - Saved W-MSA vs SW-MSA comparison to runs/run_271/visualizations/sample_5701_label_114/wmsa_vs_swmsa_stage1_center.png
2026-02-09 00:56:47,612 - INFO -   Generated W-MSA vs SW-MSA comparison for stage 1
2026-02-09 00:56:48,201 - INFO - Saved W-MSA vs SW-MSA comparison to runs/run_271/visualizations/sample_5701_label_114/wmsa_vs_swmsa_stage2_center.png
2026-02-09 00:56:48,202 - INFO -   Generated W-MSA vs SW-MSA comparison for stage 2
2026-02-09 00:56:48,653 - INFO - Saved combined W-MSA+SW-MSA overlay to runs/run_271/visualizations/sample_5701_label_114/combined_wmsa_swmsa_stage0.png
2026-02-09 00:56:48,655 - INFO -   Generated combined W-MSA+SW-MSA overlay for stage 0
2026-02-09 00:56:48,966 - INFO - Saved combined W-MSA+SW-MSA overlay to runs/run_271/visualizations/sample_5701_label_114/combined_wmsa_swmsa_stage1.png
2026-02-09 00:56:48,967 - INFO -   Generated combined W-MSA+SW-MSA overlay for stage 1
2026-02-09 00:56:49,278 - INFO - Saved combined W-MSA+SW-MSA overlay to runs/run_271/visualizations/sample_5701_label_114/combined_wmsa_swmsa_stage2.png
2026-02-09 00:56:49,280 - INFO -   Generated combined W-MSA+SW-MSA overlay for stage 2
2026-02-09 00:56:50,097 - INFO - Saved per-head attention to runs/run_271/visualizations/sample_5701_label_114/per_head_stage1.png
2026-02-09 00:56:50,098 - INFO -   Generated per-head attention for stage 1
2026-02-09 00:56:51,940 - INFO - Saved per-head attention to runs/run_271/visualizations/sample_5701_label_114/per_head_stage2.png
2026-02-09 00:56:51,943 - INFO -   Generated per-head attention for stage 2
2026-02-09 00:56:52,552 - INFO - Saved stage evolution to runs/run_271/visualizations/sample_5701_label_114/attention_evolution_across_stages.png
2026-02-09 00:56:52,553 - INFO -   Generated stage evolution visualization
2026-02-09 00:56:52,617 - INFO -   Grad-CAM stage 0: 56×56 → 224×224, class=114
2026-02-09 00:56:52,619 - INFO -   Grad-CAM stage 1: 28×28 → 224×224, class=114
2026-02-09 00:56:52,622 - INFO -   Grad-CAM stage 2: 14×14 → 224×224, class=114
2026-02-09 00:56:52,625 - INFO -   Grad-CAM stage 3: 7×7 → 224×224, class=114
2026-02-09 00:56:53,300 - INFO - Saved Grad-CAM multi-stage → runs/run_271/visualizations/sample_5701_label_114/gradcam_multistage_analysis.png
2026-02-09 00:56:53,301 - INFO -   Generated Grad-CAM multi-stage analysis
2026-02-09 00:56:53,685 - INFO - Saved attention vs Grad-CAM → runs/run_271/visualizations/sample_5701_label_114/attention_vs_gradcam_stage2.png
2026-02-09 00:56:53,686 - INFO -   Generated attention vs Grad-CAM comparison (stage 2)
2026-02-09 00:56:53,820 - INFO -   Saved attention statistics to runs/run_271/visualizations/sample_5701_label_114/attention_statistics.json
2026-02-09 00:56:54,185 - INFO - Saved attention summary to runs/run_271/visualizations/sample_5701_label_114/attention_summary.png
2026-02-09 00:56:54,187 - INFO -   Generated attention summary plot
2026-02-09 00:56:54,188 - INFO - Processing sample 9/30 (dataset idx: 5705, label: 114)
2026-02-09 00:56:54,205 - INFO - Extracted 12 attention maps
2026-02-09 00:56:54,207 - INFO -   Stage 0 Block 0: attn=[64, 3, 49, 49], res=(56, 56), windows=64 (expected 64) ✓, shifted=False
2026-02-09 00:56:54,208 - INFO -   Stage 0 Block 1: attn=[64, 3, 49, 49], res=(56, 56), windows=64 (expected 64) ✓, shifted=True
2026-02-09 00:56:54,209 - INFO -   Stage 1 Block 0: attn=[16, 6, 49, 49], res=(28, 28), windows=16 (expected 16) ✓, shifted=False
2026-02-09 00:56:54,210 - INFO -   Stage 1 Block 1: attn=[16, 6, 49, 49], res=(28, 28), windows=16 (expected 16) ✓, shifted=True
2026-02-09 00:56:54,212 - INFO -   Stage 2 Block 0: attn=[4, 12, 49, 49], res=(14, 14), windows=4 (expected 4) ✓, shifted=False
2026-02-09 00:56:54,213 - INFO -   Stage 2 Block 1: attn=[4, 12, 49, 49], res=(14, 14), windows=4 (expected 4) ✓, shifted=True
2026-02-09 00:56:54,214 - INFO -   Stage 2 Block 2: attn=[4, 12, 49, 49], res=(14, 14), windows=4 (expected 4) ✓, shifted=False
2026-02-09 00:56:54,215 - INFO -   Stage 2 Block 3: attn=[4, 12, 49, 49], res=(14, 14), windows=4 (expected 4) ✓, shifted=True
2026-02-09 00:56:54,216 - INFO -   Stage 2 Block 4: attn=[4, 12, 49, 49], res=(14, 14), windows=4 (expected 4) ✓, shifted=False
2026-02-09 00:56:54,217 - INFO -   Stage 2 Block 5: attn=[4, 12, 49, 49], res=(14, 14), windows=4 (expected 4) ✓, shifted=True
2026-02-09 00:56:54,219 - INFO -   Stage 3 Block 0: attn=[1, 24, 49, 49], res=(7, 7), windows=1 (expected 1) ✓, shifted=False
2026-02-09 00:56:54,220 - INFO -   Stage 3 Block 1: attn=[1, 24, 49, 49], res=(7, 7), windows=1 (expected 1) ✓, shifted=False
2026-02-09 00:56:54,658 - INFO - Saved W-MSA vs SW-MSA comparison to runs/run_271/visualizations/sample_5705_label_114/wmsa_vs_swmsa_stage0_center.png
2026-02-09 00:56:54,660 - INFO -   Generated W-MSA vs SW-MSA comparison for stage 0
2026-02-09 00:56:55,329 - INFO - Saved W-MSA vs SW-MSA comparison to runs/run_271/visualizations/sample_5705_label_114/wmsa_vs_swmsa_stage1_center.png
2026-02-09 00:56:55,330 - INFO -   Generated W-MSA vs SW-MSA comparison for stage 1
2026-02-09 00:56:55,762 - INFO - Saved W-MSA vs SW-MSA comparison to runs/run_271/visualizations/sample_5705_label_114/wmsa_vs_swmsa_stage2_center.png
2026-02-09 00:56:55,763 - INFO -   Generated W-MSA vs SW-MSA comparison for stage 2
2026-02-09 00:56:56,018 - INFO - Saved combined W-MSA+SW-MSA overlay to runs/run_271/visualizations/sample_5705_label_114/combined_wmsa_swmsa_stage0.png
2026-02-09 00:56:56,020 - INFO -   Generated combined W-MSA+SW-MSA overlay for stage 0
2026-02-09 00:56:56,298 - INFO - Saved combined W-MSA+SW-MSA overlay to runs/run_271/visualizations/sample_5705_label_114/combined_wmsa_swmsa_stage1.png
2026-02-09 00:56:56,300 - INFO -   Generated combined W-MSA+SW-MSA overlay for stage 1
2026-02-09 00:56:56,572 - INFO - Saved combined W-MSA+SW-MSA overlay to runs/run_271/visualizations/sample_5705_label_114/combined_wmsa_swmsa_stage2.png
2026-02-09 00:56:56,574 - INFO -   Generated combined W-MSA+SW-MSA overlay for stage 2
2026-02-09 00:56:57,359 - INFO - Saved per-head attention to runs/run_271/visualizations/sample_5705_label_114/per_head_stage1.png
2026-02-09 00:56:57,360 - INFO -   Generated per-head attention for stage 1
2026-02-09 00:56:59,118 - INFO - Saved per-head attention to runs/run_271/visualizations/sample_5705_label_114/per_head_stage2.png
2026-02-09 00:56:59,121 - INFO -   Generated per-head attention for stage 2
2026-02-09 00:56:59,702 - INFO - Saved stage evolution to runs/run_271/visualizations/sample_5705_label_114/attention_evolution_across_stages.png
2026-02-09 00:56:59,704 - INFO -   Generated stage evolution visualization
2026-02-09 00:56:59,767 - INFO -   Grad-CAM stage 0: 56×56 → 224×224, class=610
2026-02-09 00:56:59,770 - INFO -   Grad-CAM stage 1: 28×28 → 224×224, class=610
2026-02-09 00:56:59,772 - INFO -   Grad-CAM stage 2: 14×14 → 224×224, class=610
2026-02-09 00:56:59,775 - INFO -   Grad-CAM stage 3: 7×7 → 224×224, class=610
2026-02-09 00:57:00,413 - INFO - Saved Grad-CAM multi-stage → runs/run_271/visualizations/sample_5705_label_114/gradcam_multistage_analysis.png
2026-02-09 00:57:00,414 - INFO -   Generated Grad-CAM multi-stage analysis
2026-02-09 00:57:00,865 - INFO - Saved attention vs Grad-CAM → runs/run_271/visualizations/sample_5705_label_114/attention_vs_gradcam_stage2.png
2026-02-09 00:57:00,867 - INFO -   Generated attention vs Grad-CAM comparison (stage 2)
2026-02-09 00:57:01,052 - INFO -   Saved attention statistics to runs/run_271/visualizations/sample_5705_label_114/attention_statistics.json
2026-02-09 00:57:01,492 - INFO - Saved attention summary to runs/run_271/visualizations/sample_5705_label_114/attention_summary.png
2026-02-09 00:57:01,494 - INFO -   Generated attention summary plot
2026-02-09 00:57:01,495 - INFO - Processing sample 10/30 (dataset idx: 7113, label: 142)
2026-02-09 00:57:01,533 - INFO - Extracted 12 attention maps
2026-02-09 00:57:01,534 - INFO -   Stage 0 Block 0: attn=[64, 3, 49, 49], res=(56, 56), windows=64 (expected 64) ✓, shifted=False
2026-02-09 00:57:01,536 - INFO -   Stage 0 Block 1: attn=[64, 3, 49, 49], res=(56, 56), windows=64 (expected 64) ✓, shifted=True
2026-02-09 00:57:01,537 - INFO -   Stage 1 Block 0: attn=[16, 6, 49, 49], res=(28, 28), windows=16 (expected 16) ✓, shifted=False
2026-02-09 00:57:01,539 - INFO -   Stage 1 Block 1: attn=[16, 6, 49, 49], res=(28, 28), windows=16 (expected 16) ✓, shifted=True
2026-02-09 00:57:01,540 - INFO -   Stage 2 Block 0: attn=[4, 12, 49, 49], res=(14, 14), windows=4 (expected 4) ✓, shifted=False
2026-02-09 00:57:01,541 - INFO -   Stage 2 Block 1: attn=[4, 12, 49, 49], res=(14, 14), windows=4 (expected 4) ✓, shifted=True
2026-02-09 00:57:01,542 - INFO -   Stage 2 Block 2: attn=[4, 12, 49, 49], res=(14, 14), windows=4 (expected 4) ✓, shifted=False
2026-02-09 00:57:01,544 - INFO -   Stage 2 Block 3: attn=[4, 12, 49, 49], res=(14, 14), windows=4 (expected 4) ✓, shifted=True
2026-02-09 00:57:01,545 - INFO -   Stage 2 Block 4: attn=[4, 12, 49, 49], res=(14, 14), windows=4 (expected 4) ✓, shifted=False
2026-02-09 00:57:01,547 - INFO -   Stage 2 Block 5: attn=[4, 12, 49, 49], res=(14, 14), windows=4 (expected 4) ✓, shifted=True
2026-02-09 00:57:01,548 - INFO -   Stage 3 Block 0: attn=[1, 24, 49, 49], res=(7, 7), windows=1 (expected 1) ✓, shifted=False
2026-02-09 00:57:01,549 - INFO -   Stage 3 Block 1: attn=[1, 24, 49, 49], res=(7, 7), windows=1 (expected 1) ✓, shifted=False
2026-02-09 00:57:02,059 - INFO - Saved W-MSA vs SW-MSA comparison to runs/run_271/visualizations/sample_7113_label_142/wmsa_vs_swmsa_stage0_center.png
2026-02-09 00:57:02,060 - INFO -   Generated W-MSA vs SW-MSA comparison for stage 0
2026-02-09 00:57:02,807 - INFO - Saved W-MSA vs SW-MSA comparison to runs/run_271/visualizations/sample_7113_label_142/wmsa_vs_swmsa_stage1_center.png
2026-02-09 00:57:02,809 - INFO -   Generated W-MSA vs SW-MSA comparison for stage 1
2026-02-09 00:57:03,467 - INFO - Saved W-MSA vs SW-MSA comparison to runs/run_271/visualizations/sample_7113_label_142/wmsa_vs_swmsa_stage2_center.png
2026-02-09 00:57:03,469 - INFO -   Generated W-MSA vs SW-MSA comparison for stage 2
2026-02-09 00:57:03,802 - INFO - Saved combined W-MSA+SW-MSA overlay to runs/run_271/visualizations/sample_7113_label_142/combined_wmsa_swmsa_stage0.png
2026-02-09 00:57:03,804 - INFO -   Generated combined W-MSA+SW-MSA overlay for stage 0
2026-02-09 00:57:04,102 - INFO - Saved combined W-MSA+SW-MSA overlay to runs/run_271/visualizations/sample_7113_label_142/combined_wmsa_swmsa_stage1.png
2026-02-09 00:57:04,103 - INFO -   Generated combined W-MSA+SW-MSA overlay for stage 1
2026-02-09 00:57:04,453 - INFO - Saved combined W-MSA+SW-MSA overlay to runs/run_271/visualizations/sample_7113_label_142/combined_wmsa_swmsa_stage2.png
2026-02-09 00:57:04,455 - INFO -   Generated combined W-MSA+SW-MSA overlay for stage 2
2026-02-09 00:57:05,374 - INFO - Saved per-head attention to runs/run_271/visualizations/sample_7113_label_142/per_head_stage1.png
2026-02-09 00:57:05,376 - INFO -   Generated per-head attention for stage 1
2026-02-09 00:57:07,321 - INFO - Saved per-head attention to runs/run_271/visualizations/sample_7113_label_142/per_head_stage2.png
2026-02-09 00:57:07,324 - INFO -   Generated per-head attention for stage 2
2026-02-09 00:57:07,983 - INFO - Saved stage evolution to runs/run_271/visualizations/sample_7113_label_142/attention_evolution_across_stages.png
2026-02-09 00:57:07,984 - INFO -   Generated stage evolution visualization
2026-02-09 00:57:08,067 - INFO -   Grad-CAM stage 0: 56×56 → 224×224, class=142
2026-02-09 00:57:08,069 - INFO -   Grad-CAM stage 1: 28×28 → 224×224, class=142
2026-02-09 00:57:08,072 - INFO -   Grad-CAM stage 2: 14×14 → 224×224, class=142
2026-02-09 00:57:08,074 - INFO -   Grad-CAM stage 3: 7×7 → 224×224, class=142
2026-02-09 00:57:08,791 - INFO - Saved Grad-CAM multi-stage → runs/run_271/visualizations/sample_7113_label_142/gradcam_multistage_analysis.png
2026-02-09 00:57:08,792 - INFO -   Generated Grad-CAM multi-stage analysis
2026-02-09 00:57:09,197 - INFO - Saved attention vs Grad-CAM → runs/run_271/visualizations/sample_7113_label_142/attention_vs_gradcam_stage2.png
2026-02-09 00:57:09,199 - INFO -   Generated attention vs Grad-CAM comparison (stage 2)
2026-02-09 00:57:09,327 - INFO -   Saved attention statistics to runs/run_271/visualizations/sample_7113_label_142/attention_statistics.json
2026-02-09 00:57:09,690 - INFO - Saved attention summary to runs/run_271/visualizations/sample_7113_label_142/attention_summary.png
2026-02-09 00:57:09,691 - INFO -   Generated attention summary plot
2026-02-09 00:57:09,693 - INFO - Processing sample 11/30 (dataset idx: 7114, label: 142)
2026-02-09 00:57:09,711 - INFO - Extracted 12 attention maps
2026-02-09 00:57:09,712 - INFO -   Stage 0 Block 0: attn=[64, 3, 49, 49], res=(56, 56), windows=64 (expected 64) ✓, shifted=False
2026-02-09 00:57:09,714 - INFO -   Stage 0 Block 1: attn=[64, 3, 49, 49], res=(56, 56), windows=64 (expected 64) ✓, shifted=True
2026-02-09 00:57:09,715 - INFO -   Stage 1 Block 0: attn=[16, 6, 49, 49], res=(28, 28), windows=16 (expected 16) ✓, shifted=False
2026-02-09 00:57:09,716 - INFO -   Stage 1 Block 1: attn=[16, 6, 49, 49], res=(28, 28), windows=16 (expected 16) ✓, shifted=True
2026-02-09 00:57:09,717 - INFO -   Stage 2 Block 0: attn=[4, 12, 49, 49], res=(14, 14), windows=4 (expected 4) ✓, shifted=False
2026-02-09 00:57:09,718 - INFO -   Stage 2 Block 1: attn=[4, 12, 49, 49], res=(14, 14), windows=4 (expected 4) ✓, shifted=True
2026-02-09 00:57:09,719 - INFO -   Stage 2 Block 2: attn=[4, 12, 49, 49], res=(14, 14), windows=4 (expected 4) ✓, shifted=False
2026-02-09 00:57:09,721 - INFO -   Stage 2 Block 3: attn=[4, 12, 49, 49], res=(14, 14), windows=4 (expected 4) ✓, shifted=True
2026-02-09 00:57:09,722 - INFO -   Stage 2 Block 4: attn=[4, 12, 49, 49], res=(14, 14), windows=4 (expected 4) ✓, shifted=False
2026-02-09 00:57:09,723 - INFO -   Stage 2 Block 5: attn=[4, 12, 49, 49], res=(14, 14), windows=4 (expected 4) ✓, shifted=True
2026-02-09 00:57:09,724 - INFO -   Stage 3 Block 0: attn=[1, 24, 49, 49], res=(7, 7), windows=1 (expected 1) ✓, shifted=False
2026-02-09 00:57:09,725 - INFO -   Stage 3 Block 1: attn=[1, 24, 49, 49], res=(7, 7), windows=1 (expected 1) ✓, shifted=False
2026-02-09 00:57:10,263 - INFO - Saved W-MSA vs SW-MSA comparison to runs/run_271/visualizations/sample_7114_label_142/wmsa_vs_swmsa_stage0_center.png
2026-02-09 00:57:10,264 - INFO -   Generated W-MSA vs SW-MSA comparison for stage 0
2026-02-09 00:57:10,799 - INFO - Saved W-MSA vs SW-MSA comparison to runs/run_271/visualizations/sample_7114_label_142/wmsa_vs_swmsa_stage1_center.png
2026-02-09 00:57:10,801 - INFO -   Generated W-MSA vs SW-MSA comparison for stage 1
2026-02-09 00:57:11,298 - INFO - Saved W-MSA vs SW-MSA comparison to runs/run_271/visualizations/sample_7114_label_142/wmsa_vs_swmsa_stage2_center.png
2026-02-09 00:57:11,299 - INFO -   Generated W-MSA vs SW-MSA comparison for stage 2
2026-02-09 00:57:11,580 - INFO - Saved combined W-MSA+SW-MSA overlay to runs/run_271/visualizations/sample_7114_label_142/combined_wmsa_swmsa_stage0.png
2026-02-09 00:57:11,581 - INFO -   Generated combined W-MSA+SW-MSA overlay for stage 0
2026-02-09 00:57:12,141 - INFO - Saved combined W-MSA+SW-MSA overlay to runs/run_271/visualizations/sample_7114_label_142/combined_wmsa_swmsa_stage1.png
2026-02-09 00:57:12,142 - INFO -   Generated combined W-MSA+SW-MSA overlay for stage 1
2026-02-09 00:57:12,428 - INFO - Saved combined W-MSA+SW-MSA overlay to runs/run_271/visualizations/sample_7114_label_142/combined_wmsa_swmsa_stage2.png
2026-02-09 00:57:12,429 - INFO -   Generated combined W-MSA+SW-MSA overlay for stage 2
2026-02-09 00:57:13,302 - INFO - Saved per-head attention to runs/run_271/visualizations/sample_7114_label_142/per_head_stage1.png
2026-02-09 00:57:13,304 - INFO -   Generated per-head attention for stage 1
2026-02-09 00:57:14,992 - INFO - Saved per-head attention to runs/run_271/visualizations/sample_7114_label_142/per_head_stage2.png
2026-02-09 00:57:14,993 - INFO -   Generated per-head attention for stage 2
2026-02-09 00:57:15,823 - INFO - Saved stage evolution to runs/run_271/visualizations/sample_7114_label_142/attention_evolution_across_stages.png
2026-02-09 00:57:15,824 - INFO -   Generated stage evolution visualization
2026-02-09 00:57:15,890 - INFO -   Grad-CAM stage 0: 56×56 → 224×224, class=142
2026-02-09 00:57:15,893 - INFO -   Grad-CAM stage 1: 28×28 → 224×224, class=142
2026-02-09 00:57:15,896 - INFO -   Grad-CAM stage 2: 14×14 → 224×224, class=142
2026-02-09 00:57:15,898 - INFO -   Grad-CAM stage 3: 7×7 → 224×224, class=142
2026-02-09 00:57:16,562 - INFO - Saved Grad-CAM multi-stage → runs/run_271/visualizations/sample_7114_label_142/gradcam_multistage_analysis.png
2026-02-09 00:57:16,563 - INFO -   Generated Grad-CAM multi-stage analysis
2026-02-09 00:57:16,947 - INFO - Saved attention vs Grad-CAM → runs/run_271/visualizations/sample_7114_label_142/attention_vs_gradcam_stage2.png
2026-02-09 00:57:16,948 - INFO -   Generated attention vs Grad-CAM comparison (stage 2)
2026-02-09 00:57:17,094 - INFO -   Saved attention statistics to runs/run_271/visualizations/sample_7114_label_142/attention_statistics.json
2026-02-09 00:57:17,466 - INFO - Saved attention summary to runs/run_271/visualizations/sample_7114_label_142/attention_summary.png
2026-02-09 00:57:17,467 - INFO -   Generated attention summary plot
2026-02-09 00:57:17,468 - INFO - Processing sample 12/30 (dataset idx: 7132, label: 142)
2026-02-09 00:57:17,488 - INFO - Extracted 12 attention maps
2026-02-09 00:57:17,489 - INFO -   Stage 0 Block 0: attn=[64, 3, 49, 49], res=(56, 56), windows=64 (expected 64) ✓, shifted=False
2026-02-09 00:57:17,490 - INFO -   Stage 0 Block 1: attn=[64, 3, 49, 49], res=(56, 56), windows=64 (expected 64) ✓, shifted=True
2026-02-09 00:57:17,491 - INFO -   Stage 1 Block 0: attn=[16, 6, 49, 49], res=(28, 28), windows=16 (expected 16) ✓, shifted=False
2026-02-09 00:57:17,493 - INFO -   Stage 1 Block 1: attn=[16, 6, 49, 49], res=(28, 28), windows=16 (expected 16) ✓, shifted=True
2026-02-09 00:57:17,494 - INFO -   Stage 2 Block 0: attn=[4, 12, 49, 49], res=(14, 14), windows=4 (expected 4) ✓, shifted=False
2026-02-09 00:57:17,495 - INFO -   Stage 2 Block 1: attn=[4, 12, 49, 49], res=(14, 14), windows=4 (expected 4) ✓, shifted=True
2026-02-09 00:57:17,496 - INFO -   Stage 2 Block 2: attn=[4, 12, 49, 49], res=(14, 14), windows=4 (expected 4) ✓, shifted=False
2026-02-09 00:57:17,497 - INFO -   Stage 2 Block 3: attn=[4, 12, 49, 49], res=(14, 14), windows=4 (expected 4) ✓, shifted=True
2026-02-09 00:57:17,498 - INFO -   Stage 2 Block 4: attn=[4, 12, 49, 49], res=(14, 14), windows=4 (expected 4) ✓, shifted=False
2026-02-09 00:57:17,500 - INFO -   Stage 2 Block 5: attn=[4, 12, 49, 49], res=(14, 14), windows=4 (expected 4) ✓, shifted=True
2026-02-09 00:57:17,501 - INFO -   Stage 3 Block 0: attn=[1, 24, 49, 49], res=(7, 7), windows=1 (expected 1) ✓, shifted=False
2026-02-09 00:57:17,502 - INFO -   Stage 3 Block 1: attn=[1, 24, 49, 49], res=(7, 7), windows=1 (expected 1) ✓, shifted=False
2026-02-09 00:57:17,948 - INFO - Saved W-MSA vs SW-MSA comparison to runs/run_271/visualizations/sample_7132_label_142/wmsa_vs_swmsa_stage0_center.png
2026-02-09 00:57:17,950 - INFO -   Generated W-MSA vs SW-MSA comparison for stage 0
2026-02-09 00:57:18,472 - INFO - Saved W-MSA vs SW-MSA comparison to runs/run_271/visualizations/sample_7132_label_142/wmsa_vs_swmsa_stage1_center.png
2026-02-09 00:57:18,473 - INFO -   Generated W-MSA vs SW-MSA comparison for stage 1
2026-02-09 00:57:18,942 - INFO - Saved W-MSA vs SW-MSA comparison to runs/run_271/visualizations/sample_7132_label_142/wmsa_vs_swmsa_stage2_center.png
2026-02-09 00:57:18,943 - INFO -   Generated W-MSA vs SW-MSA comparison for stage 2
2026-02-09 00:57:19,272 - INFO - Saved combined W-MSA+SW-MSA overlay to runs/run_271/visualizations/sample_7132_label_142/combined_wmsa_swmsa_stage0.png
2026-02-09 00:57:19,274 - INFO -   Generated combined W-MSA+SW-MSA overlay for stage 0
2026-02-09 00:57:19,559 - INFO - Saved combined W-MSA+SW-MSA overlay to runs/run_271/visualizations/sample_7132_label_142/combined_wmsa_swmsa_stage1.png
2026-02-09 00:57:19,560 - INFO -   Generated combined W-MSA+SW-MSA overlay for stage 1
2026-02-09 00:57:19,827 - INFO - Saved combined W-MSA+SW-MSA overlay to runs/run_271/visualizations/sample_7132_label_142/combined_wmsa_swmsa_stage2.png
2026-02-09 00:57:19,829 - INFO -   Generated combined W-MSA+SW-MSA overlay for stage 2
2026-02-09 00:57:20,821 - INFO - Saved per-head attention to runs/run_271/visualizations/sample_7132_label_142/per_head_stage1.png
2026-02-09 00:57:20,822 - INFO -   Generated per-head attention for stage 1
2026-02-09 00:57:22,402 - INFO - Saved per-head attention to runs/run_271/visualizations/sample_7132_label_142/per_head_stage2.png
2026-02-09 00:57:22,405 - INFO -   Generated per-head attention for stage 2
2026-02-09 00:57:23,016 - INFO - Saved stage evolution to runs/run_271/visualizations/sample_7132_label_142/attention_evolution_across_stages.png
2026-02-09 00:57:23,017 - INFO -   Generated stage evolution visualization
2026-02-09 00:57:23,090 - INFO -   Grad-CAM stage 0: 56×56 → 224×224, class=142
2026-02-09 00:57:23,093 - INFO -   Grad-CAM stage 1: 28×28 → 224×224, class=142
2026-02-09 00:57:23,095 - INFO -   Grad-CAM stage 2: 14×14 → 224×224, class=142
2026-02-09 00:57:23,097 - INFO -   Grad-CAM stage 3: 7×7 → 224×224, class=142
2026-02-09 00:57:23,995 - INFO - Saved Grad-CAM multi-stage → runs/run_271/visualizations/sample_7132_label_142/gradcam_multistage_analysis.png
2026-02-09 00:57:23,997 - INFO -   Generated Grad-CAM multi-stage analysis
2026-02-09 00:57:24,399 - INFO - Saved attention vs Grad-CAM → runs/run_271/visualizations/sample_7132_label_142/attention_vs_gradcam_stage2.png
2026-02-09 00:57:24,401 - INFO -   Generated attention vs Grad-CAM comparison (stage 2)
2026-02-09 00:57:24,591 - INFO -   Saved attention statistics to runs/run_271/visualizations/sample_7132_label_142/attention_statistics.json
2026-02-09 00:57:24,972 - INFO - Saved attention summary to runs/run_271/visualizations/sample_7132_label_142/attention_summary.png
2026-02-09 00:57:24,973 - INFO -   Generated attention summary plot
2026-02-09 00:57:24,974 - INFO - Processing sample 13/30 (dataset idx: 11438, label: 228)
2026-02-09 00:57:24,992 - INFO - Extracted 12 attention maps
2026-02-09 00:57:24,993 - INFO -   Stage 0 Block 0: attn=[64, 3, 49, 49], res=(56, 56), windows=64 (expected 64) ✓, shifted=False
2026-02-09 00:57:24,994 - INFO -   Stage 0 Block 1: attn=[64, 3, 49, 49], res=(56, 56), windows=64 (expected 64) ✓, shifted=True
2026-02-09 00:57:24,995 - INFO -   Stage 1 Block 0: attn=[16, 6, 49, 49], res=(28, 28), windows=16 (expected 16) ✓, shifted=False
2026-02-09 00:57:24,996 - INFO -   Stage 1 Block 1: attn=[16, 6, 49, 49], res=(28, 28), windows=16 (expected 16) ✓, shifted=True
2026-02-09 00:57:24,997 - INFO -   Stage 2 Block 0: attn=[4, 12, 49, 49], res=(14, 14), windows=4 (expected 4) ✓, shifted=False
2026-02-09 00:57:24,998 - INFO -   Stage 2 Block 1: attn=[4, 12, 49, 49], res=(14, 14), windows=4 (expected 4) ✓, shifted=True
2026-02-09 00:57:24,999 - INFO -   Stage 2 Block 2: attn=[4, 12, 49, 49], res=(14, 14), windows=4 (expected 4) ✓, shifted=False
2026-02-09 00:57:25,001 - INFO -   Stage 2 Block 3: attn=[4, 12, 49, 49], res=(14, 14), windows=4 (expected 4) ✓, shifted=True
2026-02-09 00:57:25,002 - INFO -   Stage 2 Block 4: attn=[4, 12, 49, 49], res=(14, 14), windows=4 (expected 4) ✓, shifted=False
2026-02-09 00:57:25,003 - INFO -   Stage 2 Block 5: attn=[4, 12, 49, 49], res=(14, 14), windows=4 (expected 4) ✓, shifted=True
2026-02-09 00:57:25,004 - INFO -   Stage 3 Block 0: attn=[1, 24, 49, 49], res=(7, 7), windows=1 (expected 1) ✓, shifted=False
2026-02-09 00:57:25,005 - INFO -   Stage 3 Block 1: attn=[1, 24, 49, 49], res=(7, 7), windows=1 (expected 1) ✓, shifted=False
2026-02-09 00:57:25,434 - INFO - Saved W-MSA vs SW-MSA comparison to runs/run_271/visualizations/sample_11438_label_228/wmsa_vs_swmsa_stage0_center.png
2026-02-09 00:57:25,435 - INFO -   Generated W-MSA vs SW-MSA comparison for stage 0
2026-02-09 00:57:25,830 - INFO - Saved W-MSA vs SW-MSA comparison to runs/run_271/visualizations/sample_11438_label_228/wmsa_vs_swmsa_stage1_center.png
2026-02-09 00:57:25,831 - INFO -   Generated W-MSA vs SW-MSA comparison for stage 1
2026-02-09 00:57:26,254 - INFO - Saved W-MSA vs SW-MSA comparison to runs/run_271/visualizations/sample_11438_label_228/wmsa_vs_swmsa_stage2_center.png
2026-02-09 00:57:26,255 - INFO -   Generated W-MSA vs SW-MSA comparison for stage 2
2026-02-09 00:57:26,521 - INFO - Saved combined W-MSA+SW-MSA overlay to runs/run_271/visualizations/sample_11438_label_228/combined_wmsa_swmsa_stage0.png
2026-02-09 00:57:26,523 - INFO -   Generated combined W-MSA+SW-MSA overlay for stage 0
2026-02-09 00:57:26,783 - INFO - Saved combined W-MSA+SW-MSA overlay to runs/run_271/visualizations/sample_11438_label_228/combined_wmsa_swmsa_stage1.png
2026-02-09 00:57:26,785 - INFO -   Generated combined W-MSA+SW-MSA overlay for stage 1
2026-02-09 00:57:27,067 - INFO - Saved combined W-MSA+SW-MSA overlay to runs/run_271/visualizations/sample_11438_label_228/combined_wmsa_swmsa_stage2.png
2026-02-09 00:57:27,068 - INFO -   Generated combined W-MSA+SW-MSA overlay for stage 2
2026-02-09 00:57:28,117 - INFO - Saved per-head attention to runs/run_271/visualizations/sample_11438_label_228/per_head_stage1.png
2026-02-09 00:57:28,118 - INFO -   Generated per-head attention for stage 1
2026-02-09 00:57:29,655 - INFO - Saved per-head attention to runs/run_271/visualizations/sample_11438_label_228/per_head_stage2.png
2026-02-09 00:57:29,658 - INFO -   Generated per-head attention for stage 2
2026-02-09 00:57:30,228 - INFO - Saved stage evolution to runs/run_271/visualizations/sample_11438_label_228/attention_evolution_across_stages.png
2026-02-09 00:57:30,230 - INFO -   Generated stage evolution visualization
2026-02-09 00:57:30,296 - INFO -   Grad-CAM stage 0: 56×56 → 224×224, class=228
2026-02-09 00:57:30,299 - INFO -   Grad-CAM stage 1: 28×28 → 224×224, class=228
2026-02-09 00:57:30,301 - INFO -   Grad-CAM stage 2: 14×14 → 224×224, class=228
2026-02-09 00:57:30,304 - INFO -   Grad-CAM stage 3: 7×7 → 224×224, class=228
2026-02-09 00:57:31,161 - INFO - Saved Grad-CAM multi-stage → runs/run_271/visualizations/sample_11438_label_228/gradcam_multistage_analysis.png
2026-02-09 00:57:31,162 - INFO -   Generated Grad-CAM multi-stage analysis
2026-02-09 00:57:31,512 - INFO - Saved attention vs Grad-CAM → runs/run_271/visualizations/sample_11438_label_228/attention_vs_gradcam_stage2.png
2026-02-09 00:57:31,513 - INFO -   Generated attention vs Grad-CAM comparison (stage 2)
2026-02-09 00:57:31,640 - INFO -   Saved attention statistics to runs/run_271/visualizations/sample_11438_label_228/attention_statistics.json
2026-02-09 00:57:32,028 - INFO - Saved attention summary to runs/run_271/visualizations/sample_11438_label_228/attention_summary.png
2026-02-09 00:57:32,029 - INFO -   Generated attention summary plot
2026-02-09 00:57:32,030 - INFO - Processing sample 14/30 (dataset idx: 11401, label: 228)
2026-02-09 00:57:32,048 - INFO - Extracted 12 attention maps
2026-02-09 00:57:32,049 - INFO -   Stage 0 Block 0: attn=[64, 3, 49, 49], res=(56, 56), windows=64 (expected 64) ✓, shifted=False
2026-02-09 00:57:32,051 - INFO -   Stage 0 Block 1: attn=[64, 3, 49, 49], res=(56, 56), windows=64 (expected 64) ✓, shifted=True
2026-02-09 00:57:32,052 - INFO -   Stage 1 Block 0: attn=[16, 6, 49, 49], res=(28, 28), windows=16 (expected 16) ✓, shifted=False
2026-02-09 00:57:32,053 - INFO -   Stage 1 Block 1: attn=[16, 6, 49, 49], res=(28, 28), windows=16 (expected 16) ✓, shifted=True
2026-02-09 00:57:32,054 - INFO -   Stage 2 Block 0: attn=[4, 12, 49, 49], res=(14, 14), windows=4 (expected 4) ✓, shifted=False
2026-02-09 00:57:32,055 - INFO -   Stage 2 Block 1: attn=[4, 12, 49, 49], res=(14, 14), windows=4 (expected 4) ✓, shifted=True
2026-02-09 00:57:32,056 - INFO -   Stage 2 Block 2: attn=[4, 12, 49, 49], res=(14, 14), windows=4 (expected 4) ✓, shifted=False
2026-02-09 00:57:32,058 - INFO -   Stage 2 Block 3: attn=[4, 12, 49, 49], res=(14, 14), windows=4 (expected 4) ✓, shifted=True
2026-02-09 00:57:32,059 - INFO -   Stage 2 Block 4: attn=[4, 12, 49, 49], res=(14, 14), windows=4 (expected 4) ✓, shifted=False
2026-02-09 00:57:32,060 - INFO -   Stage 2 Block 5: attn=[4, 12, 49, 49], res=(14, 14), windows=4 (expected 4) ✓, shifted=True
2026-02-09 00:57:32,061 - INFO -   Stage 3 Block 0: attn=[1, 24, 49, 49], res=(7, 7), windows=1 (expected 1) ✓, shifted=False
2026-02-09 00:57:32,063 - INFO -   Stage 3 Block 1: attn=[1, 24, 49, 49], res=(7, 7), windows=1 (expected 1) ✓, shifted=False
2026-02-09 00:57:32,546 - INFO - Saved W-MSA vs SW-MSA comparison to runs/run_271/visualizations/sample_11401_label_228/wmsa_vs_swmsa_stage0_center.png
2026-02-09 00:57:32,548 - INFO -   Generated W-MSA vs SW-MSA comparison for stage 0
2026-02-09 00:57:33,008 - INFO - Saved W-MSA vs SW-MSA comparison to runs/run_271/visualizations/sample_11401_label_228/wmsa_vs_swmsa_stage1_center.png
2026-02-09 00:57:33,009 - INFO -   Generated W-MSA vs SW-MSA comparison for stage 1
2026-02-09 00:57:33,490 - INFO - Saved W-MSA vs SW-MSA comparison to runs/run_271/visualizations/sample_11401_label_228/wmsa_vs_swmsa_stage2_center.png
2026-02-09 00:57:33,492 - INFO -   Generated W-MSA vs SW-MSA comparison for stage 2
2026-02-09 00:57:33,782 - INFO - Saved combined W-MSA+SW-MSA overlay to runs/run_271/visualizations/sample_11401_label_228/combined_wmsa_swmsa_stage0.png
2026-02-09 00:57:33,784 - INFO -   Generated combined W-MSA+SW-MSA overlay for stage 0
2026-02-09 00:57:34,112 - INFO - Saved combined W-MSA+SW-MSA overlay to runs/run_271/visualizations/sample_11401_label_228/combined_wmsa_swmsa_stage1.png
2026-02-09 00:57:34,114 - INFO -   Generated combined W-MSA+SW-MSA overlay for stage 1
2026-02-09 00:57:34,460 - INFO - Saved combined W-MSA+SW-MSA overlay to runs/run_271/visualizations/sample_11401_label_228/combined_wmsa_swmsa_stage2.png
2026-02-09 00:57:34,461 - INFO -   Generated combined W-MSA+SW-MSA overlay for stage 2
2026-02-09 00:57:35,571 - INFO - Saved per-head attention to runs/run_271/visualizations/sample_11401_label_228/per_head_stage1.png
2026-02-09 00:57:35,573 - INFO -   Generated per-head attention for stage 1
2026-02-09 00:57:37,251 - INFO - Saved per-head attention to runs/run_271/visualizations/sample_11401_label_228/per_head_stage2.png
2026-02-09 00:57:37,254 - INFO -   Generated per-head attention for stage 2
2026-02-09 00:57:37,948 - INFO - Saved stage evolution to runs/run_271/visualizations/sample_11401_label_228/attention_evolution_across_stages.png
2026-02-09 00:57:37,950 - INFO -   Generated stage evolution visualization
2026-02-09 00:57:38,037 - INFO -   Grad-CAM stage 0: 56×56 → 224×224, class=228
2026-02-09 00:57:38,040 - INFO -   Grad-CAM stage 1: 28×28 → 224×224, class=228
2026-02-09 00:57:38,043 - INFO -   Grad-CAM stage 2: 14×14 → 224×224, class=228
2026-02-09 00:57:38,045 - INFO -   Grad-CAM stage 3: 7×7 → 224×224, class=228
2026-02-09 00:57:38,789 - INFO - Saved Grad-CAM multi-stage → runs/run_271/visualizations/sample_11401_label_228/gradcam_multistage_analysis.png
2026-02-09 00:57:38,791 - INFO -   Generated Grad-CAM multi-stage analysis
2026-02-09 00:57:39,481 - INFO - Saved attention vs Grad-CAM → runs/run_271/visualizations/sample_11401_label_228/attention_vs_gradcam_stage2.png
2026-02-09 00:57:39,483 - INFO -   Generated attention vs Grad-CAM comparison (stage 2)
2026-02-09 00:57:39,628 - INFO -   Saved attention statistics to runs/run_271/visualizations/sample_11401_label_228/attention_statistics.json
2026-02-09 00:57:40,034 - INFO - Saved attention summary to runs/run_271/visualizations/sample_11401_label_228/attention_summary.png
2026-02-09 00:57:40,036 - INFO -   Generated attention summary plot
2026-02-09 00:57:40,037 - INFO - Processing sample 15/30 (dataset idx: 11435, label: 228)
2026-02-09 00:57:40,056 - INFO - Extracted 12 attention maps
2026-02-09 00:57:40,057 - INFO -   Stage 0 Block 0: attn=[64, 3, 49, 49], res=(56, 56), windows=64 (expected 64) ✓, shifted=False
2026-02-09 00:57:40,058 - INFO -   Stage 0 Block 1: attn=[64, 3, 49, 49], res=(56, 56), windows=64 (expected 64) ✓, shifted=True
2026-02-09 00:57:40,060 - INFO -   Stage 1 Block 0: attn=[16, 6, 49, 49], res=(28, 28), windows=16 (expected 16) ✓, shifted=False
2026-02-09 00:57:40,061 - INFO -   Stage 1 Block 1: attn=[16, 6, 49, 49], res=(28, 28), windows=16 (expected 16) ✓, shifted=True
2026-02-09 00:57:40,062 - INFO -   Stage 2 Block 0: attn=[4, 12, 49, 49], res=(14, 14), windows=4 (expected 4) ✓, shifted=False
2026-02-09 00:57:40,063 - INFO -   Stage 2 Block 1: attn=[4, 12, 49, 49], res=(14, 14), windows=4 (expected 4) ✓, shifted=True
2026-02-09 00:57:40,065 - INFO -   Stage 2 Block 2: attn=[4, 12, 49, 49], res=(14, 14), windows=4 (expected 4) ✓, shifted=False
2026-02-09 00:57:40,066 - INFO -   Stage 2 Block 3: attn=[4, 12, 49, 49], res=(14, 14), windows=4 (expected 4) ✓, shifted=True
2026-02-09 00:57:40,068 - INFO -   Stage 2 Block 4: attn=[4, 12, 49, 49], res=(14, 14), windows=4 (expected 4) ✓, shifted=False
2026-02-09 00:57:40,069 - INFO -   Stage 2 Block 5: attn=[4, 12, 49, 49], res=(14, 14), windows=4 (expected 4) ✓, shifted=True
2026-02-09 00:57:40,070 - INFO -   Stage 3 Block 0: attn=[1, 24, 49, 49], res=(7, 7), windows=1 (expected 1) ✓, shifted=False
2026-02-09 00:57:40,071 - INFO -   Stage 3 Block 1: attn=[1, 24, 49, 49], res=(7, 7), windows=1 (expected 1) ✓, shifted=False
2026-02-09 00:57:40,654 - INFO - Saved W-MSA vs SW-MSA comparison to runs/run_271/visualizations/sample_11435_label_228/wmsa_vs_swmsa_stage0_center.png
2026-02-09 00:57:40,656 - INFO -   Generated W-MSA vs SW-MSA comparison for stage 0
2026-02-09 00:57:41,240 - INFO - Saved W-MSA vs SW-MSA comparison to runs/run_271/visualizations/sample_11435_label_228/wmsa_vs_swmsa_stage1_center.png
2026-02-09 00:57:41,242 - INFO -   Generated W-MSA vs SW-MSA comparison for stage 1
2026-02-09 00:57:41,837 - INFO - Saved W-MSA vs SW-MSA comparison to runs/run_271/visualizations/sample_11435_label_228/wmsa_vs_swmsa_stage2_center.png
2026-02-09 00:57:41,839 - INFO -   Generated W-MSA vs SW-MSA comparison for stage 2
2026-02-09 00:57:42,281 - INFO - Saved combined W-MSA+SW-MSA overlay to runs/run_271/visualizations/sample_11435_label_228/combined_wmsa_swmsa_stage0.png
2026-02-09 00:57:42,282 - INFO -   Generated combined W-MSA+SW-MSA overlay for stage 0
2026-02-09 00:57:42,684 - INFO - Saved combined W-MSA+SW-MSA overlay to runs/run_271/visualizations/sample_11435_label_228/combined_wmsa_swmsa_stage1.png
2026-02-09 00:57:42,685 - INFO -   Generated combined W-MSA+SW-MSA overlay for stage 1
2026-02-09 00:57:43,037 - INFO - Saved combined W-MSA+SW-MSA overlay to runs/run_271/visualizations/sample_11435_label_228/combined_wmsa_swmsa_stage2.png
2026-02-09 00:57:43,039 - INFO -   Generated combined W-MSA+SW-MSA overlay for stage 2
2026-02-09 00:57:44,074 - INFO - Saved per-head attention to runs/run_271/visualizations/sample_11435_label_228/per_head_stage1.png
2026-02-09 00:57:44,076 - INFO -   Generated per-head attention for stage 1
2026-02-09 00:57:46,216 - INFO - Saved per-head attention to runs/run_271/visualizations/sample_11435_label_228/per_head_stage2.png
2026-02-09 00:57:46,219 - INFO -   Generated per-head attention for stage 2
2026-02-09 00:57:46,925 - INFO - Saved stage evolution to runs/run_271/visualizations/sample_11435_label_228/attention_evolution_across_stages.png
2026-02-09 00:57:46,927 - INFO -   Generated stage evolution visualization
2026-02-09 00:57:46,991 - INFO -   Grad-CAM stage 0: 56×56 → 224×224, class=228
2026-02-09 00:57:46,994 - INFO -   Grad-CAM stage 1: 28×28 → 224×224, class=228
2026-02-09 00:57:46,997 - INFO -   Grad-CAM stage 2: 14×14 → 224×224, class=228
2026-02-09 00:57:46,999 - INFO -   Grad-CAM stage 3: 7×7 → 224×224, class=228
2026-02-09 00:57:47,741 - INFO - Saved Grad-CAM multi-stage → runs/run_271/visualizations/sample_11435_label_228/gradcam_multistage_analysis.png
2026-02-09 00:57:47,742 - INFO -   Generated Grad-CAM multi-stage analysis
2026-02-09 00:57:48,175 - INFO - Saved attention vs Grad-CAM → runs/run_271/visualizations/sample_11435_label_228/attention_vs_gradcam_stage2.png
2026-02-09 00:57:48,176 - INFO -   Generated attention vs Grad-CAM comparison (stage 2)
2026-02-09 00:57:48,319 - INFO -   Saved attention statistics to runs/run_271/visualizations/sample_11435_label_228/attention_statistics.json
2026-02-09 00:57:48,953 - INFO - Saved attention summary to runs/run_271/visualizations/sample_11435_label_228/attention_summary.png
2026-02-09 00:57:48,955 - INFO -   Generated attention summary plot
2026-02-09 00:57:48,956 - INFO - Processing sample 16/30 (dataset idx: 12512, label: 250)
2026-02-09 00:57:48,973 - INFO - Extracted 12 attention maps
2026-02-09 00:57:48,975 - INFO -   Stage 0 Block 0: attn=[64, 3, 49, 49], res=(56, 56), windows=64 (expected 64) ✓, shifted=False
2026-02-09 00:57:48,976 - INFO -   Stage 0 Block 1: attn=[64, 3, 49, 49], res=(56, 56), windows=64 (expected 64) ✓, shifted=True
2026-02-09 00:57:48,977 - INFO -   Stage 1 Block 0: attn=[16, 6, 49, 49], res=(28, 28), windows=16 (expected 16) ✓, shifted=False
2026-02-09 00:57:48,978 - INFO -   Stage 1 Block 1: attn=[16, 6, 49, 49], res=(28, 28), windows=16 (expected 16) ✓, shifted=True
2026-02-09 00:57:48,979 - INFO -   Stage 2 Block 0: attn=[4, 12, 49, 49], res=(14, 14), windows=4 (expected 4) ✓, shifted=False
2026-02-09 00:57:48,980 - INFO -   Stage 2 Block 1: attn=[4, 12, 49, 49], res=(14, 14), windows=4 (expected 4) ✓, shifted=True
2026-02-09 00:57:48,981 - INFO -   Stage 2 Block 2: attn=[4, 12, 49, 49], res=(14, 14), windows=4 (expected 4) ✓, shifted=False
2026-02-09 00:57:48,982 - INFO -   Stage 2 Block 3: attn=[4, 12, 49, 49], res=(14, 14), windows=4 (expected 4) ✓, shifted=True
2026-02-09 00:57:48,983 - INFO -   Stage 2 Block 4: attn=[4, 12, 49, 49], res=(14, 14), windows=4 (expected 4) ✓, shifted=False
2026-02-09 00:57:48,984 - INFO -   Stage 2 Block 5: attn=[4, 12, 49, 49], res=(14, 14), windows=4 (expected 4) ✓, shifted=True
2026-02-09 00:57:48,985 - INFO -   Stage 3 Block 0: attn=[1, 24, 49, 49], res=(7, 7), windows=1 (expected 1) ✓, shifted=False
2026-02-09 00:57:48,987 - INFO -   Stage 3 Block 1: attn=[1, 24, 49, 49], res=(7, 7), windows=1 (expected 1) ✓, shifted=False
2026-02-09 00:57:49,453 - INFO - Saved W-MSA vs SW-MSA comparison to runs/run_271/visualizations/sample_12512_label_250/wmsa_vs_swmsa_stage0_center.png
2026-02-09 00:57:49,454 - INFO -   Generated W-MSA vs SW-MSA comparison for stage 0
2026-02-09 00:57:49,901 - INFO - Saved W-MSA vs SW-MSA comparison to runs/run_271/visualizations/sample_12512_label_250/wmsa_vs_swmsa_stage1_center.png
2026-02-09 00:57:49,902 - INFO -   Generated W-MSA vs SW-MSA comparison for stage 1
2026-02-09 00:57:50,352 - INFO - Saved W-MSA vs SW-MSA comparison to runs/run_271/visualizations/sample_12512_label_250/wmsa_vs_swmsa_stage2_center.png
2026-02-09 00:57:50,353 - INFO -   Generated W-MSA vs SW-MSA comparison for stage 2
2026-02-09 00:57:50,636 - INFO - Saved combined W-MSA+SW-MSA overlay to runs/run_271/visualizations/sample_12512_label_250/combined_wmsa_swmsa_stage0.png
2026-02-09 00:57:50,637 - INFO -   Generated combined W-MSA+SW-MSA overlay for stage 0
2026-02-09 00:57:50,919 - INFO - Saved combined W-MSA+SW-MSA overlay to runs/run_271/visualizations/sample_12512_label_250/combined_wmsa_swmsa_stage1.png
2026-02-09 00:57:50,921 - INFO -   Generated combined W-MSA+SW-MSA overlay for stage 1
2026-02-09 00:57:51,293 - INFO - Saved combined W-MSA+SW-MSA overlay to runs/run_271/visualizations/sample_12512_label_250/combined_wmsa_swmsa_stage2.png
2026-02-09 00:57:51,295 - INFO -   Generated combined W-MSA+SW-MSA overlay for stage 2
2026-02-09 00:57:52,097 - INFO - Saved per-head attention to runs/run_271/visualizations/sample_12512_label_250/per_head_stage1.png
2026-02-09 00:57:52,098 - INFO -   Generated per-head attention for stage 1
2026-02-09 00:57:53,960 - INFO - Saved per-head attention to runs/run_271/visualizations/sample_12512_label_250/per_head_stage2.png
2026-02-09 00:57:53,963 - INFO -   Generated per-head attention for stage 2
2026-02-09 00:57:54,569 - INFO - Saved stage evolution to runs/run_271/visualizations/sample_12512_label_250/attention_evolution_across_stages.png
2026-02-09 00:57:54,571 - INFO -   Generated stage evolution visualization
2026-02-09 00:57:54,633 - INFO -   Grad-CAM stage 0: 56×56 → 224×224, class=250
2026-02-09 00:57:54,635 - INFO -   Grad-CAM stage 1: 28×28 → 224×224, class=250
2026-02-09 00:57:54,638 - INFO -   Grad-CAM stage 2: 14×14 → 224×224, class=250
2026-02-09 00:57:54,640 - INFO -   Grad-CAM stage 3: 7×7 → 224×224, class=250
2026-02-09 00:57:55,278 - INFO - Saved Grad-CAM multi-stage → runs/run_271/visualizations/sample_12512_label_250/gradcam_multistage_analysis.png
2026-02-09 00:57:55,279 - INFO -   Generated Grad-CAM multi-stage analysis
2026-02-09 00:57:55,656 - INFO - Saved attention vs Grad-CAM → runs/run_271/visualizations/sample_12512_label_250/attention_vs_gradcam_stage2.png
2026-02-09 00:57:55,657 - INFO -   Generated attention vs Grad-CAM comparison (stage 2)
2026-02-09 00:57:55,789 - INFO -   Saved attention statistics to runs/run_271/visualizations/sample_12512_label_250/attention_statistics.json
2026-02-09 00:57:56,200 - INFO - Saved attention summary to runs/run_271/visualizations/sample_12512_label_250/attention_summary.png
2026-02-09 00:57:56,201 - INFO -   Generated attention summary plot
2026-02-09 00:57:56,203 - INFO - Processing sample 17/30 (dataset idx: 12545, label: 250)
2026-02-09 00:57:56,226 - INFO - Extracted 12 attention maps
2026-02-09 00:57:56,227 - INFO -   Stage 0 Block 0: attn=[64, 3, 49, 49], res=(56, 56), windows=64 (expected 64) ✓, shifted=False
2026-02-09 00:57:56,228 - INFO -   Stage 0 Block 1: attn=[64, 3, 49, 49], res=(56, 56), windows=64 (expected 64) ✓, shifted=True
2026-02-09 00:57:56,229 - INFO -   Stage 1 Block 0: attn=[16, 6, 49, 49], res=(28, 28), windows=16 (expected 16) ✓, shifted=False
2026-02-09 00:57:56,230 - INFO -   Stage 1 Block 1: attn=[16, 6, 49, 49], res=(28, 28), windows=16 (expected 16) ✓, shifted=True
2026-02-09 00:57:56,231 - INFO -   Stage 2 Block 0: attn=[4, 12, 49, 49], res=(14, 14), windows=4 (expected 4) ✓, shifted=False
2026-02-09 00:57:56,232 - INFO -   Stage 2 Block 1: attn=[4, 12, 49, 49], res=(14, 14), windows=4 (expected 4) ✓, shifted=True
2026-02-09 00:57:56,234 - INFO -   Stage 2 Block 2: attn=[4, 12, 49, 49], res=(14, 14), windows=4 (expected 4) ✓, shifted=False
2026-02-09 00:57:56,235 - INFO -   Stage 2 Block 3: attn=[4, 12, 49, 49], res=(14, 14), windows=4 (expected 4) ✓, shifted=True
2026-02-09 00:57:56,236 - INFO -   Stage 2 Block 4: attn=[4, 12, 49, 49], res=(14, 14), windows=4 (expected 4) ✓, shifted=False
2026-02-09 00:57:56,237 - INFO -   Stage 2 Block 5: attn=[4, 12, 49, 49], res=(14, 14), windows=4 (expected 4) ✓, shifted=True
2026-02-09 00:57:56,238 - INFO -   Stage 3 Block 0: attn=[1, 24, 49, 49], res=(7, 7), windows=1 (expected 1) ✓, shifted=False
2026-02-09 00:57:56,240 - INFO -   Stage 3 Block 1: attn=[1, 24, 49, 49], res=(7, 7), windows=1 (expected 1) ✓, shifted=False
2026-02-09 00:57:56,738 - INFO - Saved W-MSA vs SW-MSA comparison to runs/run_271/visualizations/sample_12545_label_250/wmsa_vs_swmsa_stage0_center.png
2026-02-09 00:57:56,740 - INFO -   Generated W-MSA vs SW-MSA comparison for stage 0
2026-02-09 00:57:57,577 - INFO - Saved W-MSA vs SW-MSA comparison to runs/run_271/visualizations/sample_12545_label_250/wmsa_vs_swmsa_stage1_center.png
2026-02-09 00:57:57,579 - INFO -   Generated W-MSA vs SW-MSA comparison for stage 1
2026-02-09 00:57:58,113 - INFO - Saved W-MSA vs SW-MSA comparison to runs/run_271/visualizations/sample_12545_label_250/wmsa_vs_swmsa_stage2_center.png
2026-02-09 00:57:58,115 - INFO -   Generated W-MSA vs SW-MSA comparison for stage 2
2026-02-09 00:57:58,394 - INFO - Saved combined W-MSA+SW-MSA overlay to runs/run_271/visualizations/sample_12545_label_250/combined_wmsa_swmsa_stage0.png
2026-02-09 00:57:58,396 - INFO -   Generated combined W-MSA+SW-MSA overlay for stage 0
2026-02-09 00:57:58,701 - INFO - Saved combined W-MSA+SW-MSA overlay to runs/run_271/visualizations/sample_12545_label_250/combined_wmsa_swmsa_stage1.png
2026-02-09 00:57:58,703 - INFO -   Generated combined W-MSA+SW-MSA overlay for stage 1
2026-02-09 00:57:59,119 - INFO - Saved combined W-MSA+SW-MSA overlay to runs/run_271/visualizations/sample_12545_label_250/combined_wmsa_swmsa_stage2.png
2026-02-09 00:57:59,121 - INFO -   Generated combined W-MSA+SW-MSA overlay for stage 2
2026-02-09 00:57:59,978 - INFO - Saved per-head attention to runs/run_271/visualizations/sample_12545_label_250/per_head_stage1.png
2026-02-09 00:57:59,980 - INFO -   Generated per-head attention for stage 1
2026-02-09 00:58:01,799 - INFO - Saved per-head attention to runs/run_271/visualizations/sample_12545_label_250/per_head_stage2.png
2026-02-09 00:58:01,802 - INFO -   Generated per-head attention for stage 2
2026-02-09 00:58:02,475 - INFO - Saved stage evolution to runs/run_271/visualizations/sample_12545_label_250/attention_evolution_across_stages.png
2026-02-09 00:58:02,477 - INFO -   Generated stage evolution visualization
2026-02-09 00:58:02,562 - INFO -   Grad-CAM stage 0: 56×56 → 224×224, class=250
2026-02-09 00:58:02,565 - INFO -   Grad-CAM stage 1: 28×28 → 224×224, class=250
2026-02-09 00:58:02,568 - INFO -   Grad-CAM stage 2: 14×14 → 224×224, class=250
2026-02-09 00:58:02,571 - INFO -   Grad-CAM stage 3: 7×7 → 224×224, class=250
2026-02-09 00:58:03,220 - INFO - Saved Grad-CAM multi-stage → runs/run_271/visualizations/sample_12545_label_250/gradcam_multistage_analysis.png
2026-02-09 00:58:03,222 - INFO -   Generated Grad-CAM multi-stage analysis
2026-02-09 00:58:03,654 - INFO - Saved attention vs Grad-CAM → runs/run_271/visualizations/sample_12545_label_250/attention_vs_gradcam_stage2.png
2026-02-09 00:58:03,656 - INFO -   Generated attention vs Grad-CAM comparison (stage 2)
2026-02-09 00:58:03,797 - INFO -   Saved attention statistics to runs/run_271/visualizations/sample_12545_label_250/attention_statistics.json
2026-02-09 00:58:04,325 - INFO - Saved attention summary to runs/run_271/visualizations/sample_12545_label_250/attention_summary.png
2026-02-09 00:58:04,327 - INFO -   Generated attention summary plot
2026-02-09 00:58:04,329 - INFO - Processing sample 18/30 (dataset idx: 12541, label: 250)
2026-02-09 00:58:04,366 - INFO - Extracted 12 attention maps
2026-02-09 00:58:04,368 - INFO -   Stage 0 Block 0: attn=[64, 3, 49, 49], res=(56, 56), windows=64 (expected 64) ✓, shifted=False
2026-02-09 00:58:04,369 - INFO -   Stage 0 Block 1: attn=[64, 3, 49, 49], res=(56, 56), windows=64 (expected 64) ✓, shifted=True
2026-02-09 00:58:04,370 - INFO -   Stage 1 Block 0: attn=[16, 6, 49, 49], res=(28, 28), windows=16 (expected 16) ✓, shifted=False
2026-02-09 00:58:04,371 - INFO -   Stage 1 Block 1: attn=[16, 6, 49, 49], res=(28, 28), windows=16 (expected 16) ✓, shifted=True
2026-02-09 00:58:04,373 - INFO -   Stage 2 Block 0: attn=[4, 12, 49, 49], res=(14, 14), windows=4 (expected 4) ✓, shifted=False
2026-02-09 00:58:04,374 - INFO -   Stage 2 Block 1: attn=[4, 12, 49, 49], res=(14, 14), windows=4 (expected 4) ✓, shifted=True
2026-02-09 00:58:04,375 - INFO -   Stage 2 Block 2: attn=[4, 12, 49, 49], res=(14, 14), windows=4 (expected 4) ✓, shifted=False
2026-02-09 00:58:04,376 - INFO -   Stage 2 Block 3: attn=[4, 12, 49, 49], res=(14, 14), windows=4 (expected 4) ✓, shifted=True
2026-02-09 00:58:04,378 - INFO -   Stage 2 Block 4: attn=[4, 12, 49, 49], res=(14, 14), windows=4 (expected 4) ✓, shifted=False
2026-02-09 00:58:04,379 - INFO -   Stage 2 Block 5: attn=[4, 12, 49, 49], res=(14, 14), windows=4 (expected 4) ✓, shifted=True
2026-02-09 00:58:04,381 - INFO -   Stage 3 Block 0: attn=[1, 24, 49, 49], res=(7, 7), windows=1 (expected 1) ✓, shifted=False
2026-02-09 00:58:04,382 - INFO -   Stage 3 Block 1: attn=[1, 24, 49, 49], res=(7, 7), windows=1 (expected 1) ✓, shifted=False
2026-02-09 00:58:04,842 - INFO - Saved W-MSA vs SW-MSA comparison to runs/run_271/visualizations/sample_12541_label_250/wmsa_vs_swmsa_stage0_center.png
2026-02-09 00:58:04,843 - INFO -   Generated W-MSA vs SW-MSA comparison for stage 0
2026-02-09 00:58:05,300 - INFO - Saved W-MSA vs SW-MSA comparison to runs/run_271/visualizations/sample_12541_label_250/wmsa_vs_swmsa_stage1_center.png
2026-02-09 00:58:05,302 - INFO -   Generated W-MSA vs SW-MSA comparison for stage 1
2026-02-09 00:58:05,733 - INFO - Saved W-MSA vs SW-MSA comparison to runs/run_271/visualizations/sample_12541_label_250/wmsa_vs_swmsa_stage2_center.png
2026-02-09 00:58:05,734 - INFO -   Generated W-MSA vs SW-MSA comparison for stage 2
2026-02-09 00:58:06,327 - INFO - Saved combined W-MSA+SW-MSA overlay to runs/run_271/visualizations/sample_12541_label_250/combined_wmsa_swmsa_stage0.png
2026-02-09 00:58:06,334 - INFO -   Generated combined W-MSA+SW-MSA overlay for stage 0
2026-02-09 00:58:06,596 - INFO - Saved combined W-MSA+SW-MSA overlay to runs/run_271/visualizations/sample_12541_label_250/combined_wmsa_swmsa_stage1.png
2026-02-09 00:58:06,598 - INFO -   Generated combined W-MSA+SW-MSA overlay for stage 1
2026-02-09 00:58:06,974 - INFO - Saved combined W-MSA+SW-MSA overlay to runs/run_271/visualizations/sample_12541_label_250/combined_wmsa_swmsa_stage2.png
2026-02-09 00:58:06,976 - INFO -   Generated combined W-MSA+SW-MSA overlay for stage 2
2026-02-09 00:58:07,791 - INFO - Saved per-head attention to runs/run_271/visualizations/sample_12541_label_250/per_head_stage1.png
2026-02-09 00:58:07,793 - INFO -   Generated per-head attention for stage 1
2026-02-09 00:58:09,374 - INFO - Saved per-head attention to runs/run_271/visualizations/sample_12541_label_250/per_head_stage2.png
2026-02-09 00:58:09,378 - INFO -   Generated per-head attention for stage 2
2026-02-09 00:58:10,234 - INFO - Saved stage evolution to runs/run_271/visualizations/sample_12541_label_250/attention_evolution_across_stages.png
2026-02-09 00:58:10,236 - INFO -   Generated stage evolution visualization
2026-02-09 00:58:10,303 - INFO -   Grad-CAM stage 0: 56×56 → 224×224, class=248
2026-02-09 00:58:10,306 - INFO -   Grad-CAM stage 1: 28×28 → 224×224, class=248
2026-02-09 00:58:10,309 - INFO -   Grad-CAM stage 2: 14×14 → 224×224, class=248
2026-02-09 00:58:10,311 - INFO -   Grad-CAM stage 3: 7×7 → 224×224, class=248
2026-02-09 00:58:11,048 - INFO - Saved Grad-CAM multi-stage → runs/run_271/visualizations/sample_12541_label_250/gradcam_multistage_analysis.png
2026-02-09 00:58:11,050 - INFO -   Generated Grad-CAM multi-stage analysis
2026-02-09 00:58:11,461 - INFO - Saved attention vs Grad-CAM → runs/run_271/visualizations/sample_12541_label_250/attention_vs_gradcam_stage2.png
2026-02-09 00:58:11,463 - INFO -   Generated attention vs Grad-CAM comparison (stage 2)
2026-02-09 00:58:11,606 - INFO -   Saved attention statistics to runs/run_271/visualizations/sample_12541_label_250/attention_statistics.json
2026-02-09 00:58:12,025 - INFO - Saved attention summary to runs/run_271/visualizations/sample_12541_label_250/attention_summary.png
2026-02-09 00:58:12,026 - INFO -   Generated attention summary plot
2026-02-09 00:58:12,027 - INFO - Processing sample 19/30 (dataset idx: 14094, label: 281)
2026-02-09 00:58:12,047 - INFO - Extracted 12 attention maps
2026-02-09 00:58:12,048 - INFO -   Stage 0 Block 0: attn=[64, 3, 49, 49], res=(56, 56), windows=64 (expected 64) ✓, shifted=False
2026-02-09 00:58:12,049 - INFO -   Stage 0 Block 1: attn=[64, 3, 49, 49], res=(56, 56), windows=64 (expected 64) ✓, shifted=True
2026-02-09 00:58:12,051 - INFO -   Stage 1 Block 0: attn=[16, 6, 49, 49], res=(28, 28), windows=16 (expected 16) ✓, shifted=False
2026-02-09 00:58:12,052 - INFO -   Stage 1 Block 1: attn=[16, 6, 49, 49], res=(28, 28), windows=16 (expected 16) ✓, shifted=True
2026-02-09 00:58:12,053 - INFO -   Stage 2 Block 0: attn=[4, 12, 49, 49], res=(14, 14), windows=4 (expected 4) ✓, shifted=False
2026-02-09 00:58:12,055 - INFO -   Stage 2 Block 1: attn=[4, 12, 49, 49], res=(14, 14), windows=4 (expected 4) ✓, shifted=True
2026-02-09 00:58:12,056 - INFO -   Stage 2 Block 2: attn=[4, 12, 49, 49], res=(14, 14), windows=4 (expected 4) ✓, shifted=False
2026-02-09 00:58:12,057 - INFO -   Stage 2 Block 3: attn=[4, 12, 49, 49], res=(14, 14), windows=4 (expected 4) ✓, shifted=True
2026-02-09 00:58:12,058 - INFO -   Stage 2 Block 4: attn=[4, 12, 49, 49], res=(14, 14), windows=4 (expected 4) ✓, shifted=False
2026-02-09 00:58:12,059 - INFO -   Stage 2 Block 5: attn=[4, 12, 49, 49], res=(14, 14), windows=4 (expected 4) ✓, shifted=True
2026-02-09 00:58:12,061 - INFO -   Stage 3 Block 0: attn=[1, 24, 49, 49], res=(7, 7), windows=1 (expected 1) ✓, shifted=False
2026-02-09 00:58:12,062 - INFO -   Stage 3 Block 1: attn=[1, 24, 49, 49], res=(7, 7), windows=1 (expected 1) ✓, shifted=False
2026-02-09 00:58:12,550 - INFO - Saved W-MSA vs SW-MSA comparison to runs/run_271/visualizations/sample_14094_label_281/wmsa_vs_swmsa_stage0_center.png
2026-02-09 00:58:12,551 - INFO -   Generated W-MSA vs SW-MSA comparison for stage 0
2026-02-09 00:58:13,036 - INFO - Saved W-MSA vs SW-MSA comparison to runs/run_271/visualizations/sample_14094_label_281/wmsa_vs_swmsa_stage1_center.png
2026-02-09 00:58:13,037 - INFO -   Generated W-MSA vs SW-MSA comparison for stage 1
2026-02-09 00:58:13,586 - INFO - Saved W-MSA vs SW-MSA comparison to runs/run_271/visualizations/sample_14094_label_281/wmsa_vs_swmsa_stage2_center.png
2026-02-09 00:58:13,587 - INFO -   Generated W-MSA vs SW-MSA comparison for stage 2
2026-02-09 00:58:13,912 - INFO - Saved combined W-MSA+SW-MSA overlay to runs/run_271/visualizations/sample_14094_label_281/combined_wmsa_swmsa_stage0.png
2026-02-09 00:58:13,914 - INFO -   Generated combined W-MSA+SW-MSA overlay for stage 0
2026-02-09 00:58:14,463 - INFO - Saved combined W-MSA+SW-MSA overlay to runs/run_271/visualizations/sample_14094_label_281/combined_wmsa_swmsa_stage1.png
2026-02-09 00:58:14,464 - INFO -   Generated combined W-MSA+SW-MSA overlay for stage 1
2026-02-09 00:58:14,791 - INFO - Saved combined W-MSA+SW-MSA overlay to runs/run_271/visualizations/sample_14094_label_281/combined_wmsa_swmsa_stage2.png
2026-02-09 00:58:14,793 - INFO -   Generated combined W-MSA+SW-MSA overlay for stage 2
2026-02-09 00:58:15,698 - INFO - Saved per-head attention to runs/run_271/visualizations/sample_14094_label_281/per_head_stage1.png
2026-02-09 00:58:15,700 - INFO -   Generated per-head attention for stage 1
2026-02-09 00:58:17,351 - INFO - Saved per-head attention to runs/run_271/visualizations/sample_14094_label_281/per_head_stage2.png
2026-02-09 00:58:17,354 - INFO -   Generated per-head attention for stage 2
2026-02-09 00:58:18,192 - INFO - Saved stage evolution to runs/run_271/visualizations/sample_14094_label_281/attention_evolution_across_stages.png
2026-02-09 00:58:18,193 - INFO -   Generated stage evolution visualization
2026-02-09 00:58:18,263 - INFO -   Grad-CAM stage 0: 56×56 → 224×224, class=281
2026-02-09 00:58:18,266 - INFO -   Grad-CAM stage 1: 28×28 → 224×224, class=281
2026-02-09 00:58:18,268 - INFO -   Grad-CAM stage 2: 14×14 → 224×224, class=281
2026-02-09 00:58:18,270 - INFO -   Grad-CAM stage 3: 7×7 → 224×224, class=281
2026-02-09 00:58:18,893 - INFO - Saved Grad-CAM multi-stage → runs/run_271/visualizations/sample_14094_label_281/gradcam_multistage_analysis.png
2026-02-09 00:58:18,894 - INFO -   Generated Grad-CAM multi-stage analysis
2026-02-09 00:58:19,267 - INFO - Saved attention vs Grad-CAM → runs/run_271/visualizations/sample_14094_label_281/attention_vs_gradcam_stage2.png
2026-02-09 00:58:19,269 - INFO -   Generated attention vs Grad-CAM comparison (stage 2)
2026-02-09 00:58:19,396 - INFO -   Saved attention statistics to runs/run_271/visualizations/sample_14094_label_281/attention_statistics.json
2026-02-09 00:58:19,750 - INFO - Saved attention summary to runs/run_271/visualizations/sample_14094_label_281/attention_summary.png
2026-02-09 00:58:19,751 - INFO -   Generated attention summary plot
2026-02-09 00:58:19,752 - INFO - Processing sample 20/30 (dataset idx: 14084, label: 281)
2026-02-09 00:58:19,770 - INFO - Extracted 12 attention maps
2026-02-09 00:58:19,771 - INFO -   Stage 0 Block 0: attn=[64, 3, 49, 49], res=(56, 56), windows=64 (expected 64) ✓, shifted=False
2026-02-09 00:58:19,772 - INFO -   Stage 0 Block 1: attn=[64, 3, 49, 49], res=(56, 56), windows=64 (expected 64) ✓, shifted=True
2026-02-09 00:58:19,773 - INFO -   Stage 1 Block 0: attn=[16, 6, 49, 49], res=(28, 28), windows=16 (expected 16) ✓, shifted=False
2026-02-09 00:58:19,774 - INFO -   Stage 1 Block 1: attn=[16, 6, 49, 49], res=(28, 28), windows=16 (expected 16) ✓, shifted=True
2026-02-09 00:58:19,776 - INFO -   Stage 2 Block 0: attn=[4, 12, 49, 49], res=(14, 14), windows=4 (expected 4) ✓, shifted=False
2026-02-09 00:58:19,777 - INFO -   Stage 2 Block 1: attn=[4, 12, 49, 49], res=(14, 14), windows=4 (expected 4) ✓, shifted=True
2026-02-09 00:58:19,778 - INFO -   Stage 2 Block 2: attn=[4, 12, 49, 49], res=(14, 14), windows=4 (expected 4) ✓, shifted=False
2026-02-09 00:58:19,779 - INFO -   Stage 2 Block 3: attn=[4, 12, 49, 49], res=(14, 14), windows=4 (expected 4) ✓, shifted=True
2026-02-09 00:58:19,781 - INFO -   Stage 2 Block 4: attn=[4, 12, 49, 49], res=(14, 14), windows=4 (expected 4) ✓, shifted=False
2026-02-09 00:58:19,782 - INFO -   Stage 2 Block 5: attn=[4, 12, 49, 49], res=(14, 14), windows=4 (expected 4) ✓, shifted=True
2026-02-09 00:58:19,783 - INFO -   Stage 3 Block 0: attn=[1, 24, 49, 49], res=(7, 7), windows=1 (expected 1) ✓, shifted=False
2026-02-09 00:58:19,784 - INFO -   Stage 3 Block 1: attn=[1, 24, 49, 49], res=(7, 7), windows=1 (expected 1) ✓, shifted=False
2026-02-09 00:58:20,283 - INFO - Saved W-MSA vs SW-MSA comparison to runs/run_271/visualizations/sample_14084_label_281/wmsa_vs_swmsa_stage0_center.png
2026-02-09 00:58:20,284 - INFO -   Generated W-MSA vs SW-MSA comparison for stage 0
2026-02-09 00:58:20,738 - INFO - Saved W-MSA vs SW-MSA comparison to runs/run_271/visualizations/sample_14084_label_281/wmsa_vs_swmsa_stage1_center.png
2026-02-09 00:58:20,739 - INFO -   Generated W-MSA vs SW-MSA comparison for stage 1
2026-02-09 00:58:21,196 - INFO - Saved W-MSA vs SW-MSA comparison to runs/run_271/visualizations/sample_14084_label_281/wmsa_vs_swmsa_stage2_center.png
2026-02-09 00:58:21,198 - INFO -   Generated W-MSA vs SW-MSA comparison for stage 2
2026-02-09 00:58:21,521 - INFO - Saved combined W-MSA+SW-MSA overlay to runs/run_271/visualizations/sample_14084_label_281/combined_wmsa_swmsa_stage0.png
2026-02-09 00:58:21,523 - INFO -   Generated combined W-MSA+SW-MSA overlay for stage 0
2026-02-09 00:58:21,820 - INFO - Saved combined W-MSA+SW-MSA overlay to runs/run_271/visualizations/sample_14084_label_281/combined_wmsa_swmsa_stage1.png
2026-02-09 00:58:21,821 - INFO -   Generated combined W-MSA+SW-MSA overlay for stage 1
2026-02-09 00:58:22,119 - INFO - Saved combined W-MSA+SW-MSA overlay to runs/run_271/visualizations/sample_14084_label_281/combined_wmsa_swmsa_stage2.png
2026-02-09 00:58:22,121 - INFO -   Generated combined W-MSA+SW-MSA overlay for stage 2
2026-02-09 00:58:23,160 - INFO - Saved per-head attention to runs/run_271/visualizations/sample_14084_label_281/per_head_stage1.png
2026-02-09 00:58:23,162 - INFO -   Generated per-head attention for stage 1
2026-02-09 00:58:24,805 - INFO - Saved per-head attention to runs/run_271/visualizations/sample_14084_label_281/per_head_stage2.png
2026-02-09 00:58:24,808 - INFO -   Generated per-head attention for stage 2
2026-02-09 00:58:25,442 - INFO - Saved stage evolution to runs/run_271/visualizations/sample_14084_label_281/attention_evolution_across_stages.png
2026-02-09 00:58:25,444 - INFO -   Generated stage evolution visualization
2026-02-09 00:58:25,516 - INFO -   Grad-CAM stage 0: 56×56 → 224×224, class=285
2026-02-09 00:58:25,519 - INFO -   Grad-CAM stage 1: 28×28 → 224×224, class=285
2026-02-09 00:58:25,522 - INFO -   Grad-CAM stage 2: 14×14 → 224×224, class=285
2026-02-09 00:58:25,525 - INFO -   Grad-CAM stage 3: 7×7 → 224×224, class=285
2026-02-09 00:58:26,483 - INFO - Saved Grad-CAM multi-stage → runs/run_271/visualizations/sample_14084_label_281/gradcam_multistage_analysis.png
2026-02-09 00:58:26,485 - INFO -   Generated Grad-CAM multi-stage analysis
2026-02-09 00:58:26,893 - INFO - Saved attention vs Grad-CAM → runs/run_271/visualizations/sample_14084_label_281/attention_vs_gradcam_stage2.png
2026-02-09 00:58:26,894 - INFO -   Generated attention vs Grad-CAM comparison (stage 2)
2026-02-09 00:58:27,022 - INFO -   Saved attention statistics to runs/run_271/visualizations/sample_14084_label_281/attention_statistics.json
2026-02-09 00:58:27,405 - INFO - Saved attention summary to runs/run_271/visualizations/sample_14084_label_281/attention_summary.png
2026-02-09 00:58:27,407 - INFO -   Generated attention summary plot
2026-02-09 00:58:27,408 - INFO - Processing sample 21/30 (dataset idx: 14076, label: 281)
2026-02-09 00:58:27,432 - INFO - Extracted 12 attention maps
2026-02-09 00:58:27,433 - INFO -   Stage 0 Block 0: attn=[64, 3, 49, 49], res=(56, 56), windows=64 (expected 64) ✓, shifted=False
2026-02-09 00:58:27,434 - INFO -   Stage 0 Block 1: attn=[64, 3, 49, 49], res=(56, 56), windows=64 (expected 64) ✓, shifted=True
2026-02-09 00:58:27,436 - INFO -   Stage 1 Block 0: attn=[16, 6, 49, 49], res=(28, 28), windows=16 (expected 16) ✓, shifted=False
2026-02-09 00:58:27,437 - INFO -   Stage 1 Block 1: attn=[16, 6, 49, 49], res=(28, 28), windows=16 (expected 16) ✓, shifted=True
2026-02-09 00:58:27,438 - INFO -   Stage 2 Block 0: attn=[4, 12, 49, 49], res=(14, 14), windows=4 (expected 4) ✓, shifted=False
2026-02-09 00:58:27,440 - INFO -   Stage 2 Block 1: attn=[4, 12, 49, 49], res=(14, 14), windows=4 (expected 4) ✓, shifted=True
2026-02-09 00:58:27,441 - INFO -   Stage 2 Block 2: attn=[4, 12, 49, 49], res=(14, 14), windows=4 (expected 4) ✓, shifted=False
2026-02-09 00:58:27,442 - INFO -   Stage 2 Block 3: attn=[4, 12, 49, 49], res=(14, 14), windows=4 (expected 4) ✓, shifted=True
2026-02-09 00:58:27,443 - INFO -   Stage 2 Block 4: attn=[4, 12, 49, 49], res=(14, 14), windows=4 (expected 4) ✓, shifted=False
2026-02-09 00:58:27,444 - INFO -   Stage 2 Block 5: attn=[4, 12, 49, 49], res=(14, 14), windows=4 (expected 4) ✓, shifted=True
2026-02-09 00:58:27,445 - INFO -   Stage 3 Block 0: attn=[1, 24, 49, 49], res=(7, 7), windows=1 (expected 1) ✓, shifted=False
2026-02-09 00:58:27,447 - INFO -   Stage 3 Block 1: attn=[1, 24, 49, 49], res=(7, 7), windows=1 (expected 1) ✓, shifted=False
2026-02-09 00:58:27,869 - INFO - Saved W-MSA vs SW-MSA comparison to runs/run_271/visualizations/sample_14076_label_281/wmsa_vs_swmsa_stage0_center.png
2026-02-09 00:58:27,871 - INFO -   Generated W-MSA vs SW-MSA comparison for stage 0
2026-02-09 00:58:28,288 - INFO - Saved W-MSA vs SW-MSA comparison to runs/run_271/visualizations/sample_14076_label_281/wmsa_vs_swmsa_stage1_center.png
2026-02-09 00:58:28,290 - INFO -   Generated W-MSA vs SW-MSA comparison for stage 1
2026-02-09 00:58:28,702 - INFO - Saved W-MSA vs SW-MSA comparison to runs/run_271/visualizations/sample_14076_label_281/wmsa_vs_swmsa_stage2_center.png
2026-02-09 00:58:28,704 - INFO -   Generated W-MSA vs SW-MSA comparison for stage 2
2026-02-09 00:58:29,045 - INFO - Saved combined W-MSA+SW-MSA overlay to runs/run_271/visualizations/sample_14076_label_281/combined_wmsa_swmsa_stage0.png
2026-02-09 00:58:29,047 - INFO -   Generated combined W-MSA+SW-MSA overlay for stage 0
2026-02-09 00:58:29,309 - INFO - Saved combined W-MSA+SW-MSA overlay to runs/run_271/visualizations/sample_14076_label_281/combined_wmsa_swmsa_stage1.png
2026-02-09 00:58:29,310 - INFO -   Generated combined W-MSA+SW-MSA overlay for stage 1
2026-02-09 00:58:29,685 - INFO - Saved combined W-MSA+SW-MSA overlay to runs/run_271/visualizations/sample_14076_label_281/combined_wmsa_swmsa_stage2.png
2026-02-09 00:58:29,686 - INFO -   Generated combined W-MSA+SW-MSA overlay for stage 2
2026-02-09 00:58:30,683 - INFO - Saved per-head attention to runs/run_271/visualizations/sample_14076_label_281/per_head_stage1.png
2026-02-09 00:58:30,685 - INFO -   Generated per-head attention for stage 1
2026-02-09 00:58:32,221 - INFO - Saved per-head attention to runs/run_271/visualizations/sample_14076_label_281/per_head_stage2.png
2026-02-09 00:58:32,223 - INFO -   Generated per-head attention for stage 2
2026-02-09 00:58:32,797 - INFO - Saved stage evolution to runs/run_271/visualizations/sample_14076_label_281/attention_evolution_across_stages.png
2026-02-09 00:58:32,798 - INFO -   Generated stage evolution visualization
2026-02-09 00:58:32,876 - INFO -   Grad-CAM stage 0: 56×56 → 224×224, class=281
2026-02-09 00:58:32,878 - INFO -   Grad-CAM stage 1: 28×28 → 224×224, class=281
2026-02-09 00:58:32,881 - INFO -   Grad-CAM stage 2: 14×14 → 224×224, class=281
2026-02-09 00:58:32,883 - INFO -   Grad-CAM stage 3: 7×7 → 224×224, class=281
2026-02-09 00:58:33,514 - INFO - Saved Grad-CAM multi-stage → runs/run_271/visualizations/sample_14076_label_281/gradcam_multistage_analysis.png
2026-02-09 00:58:33,515 - INFO -   Generated Grad-CAM multi-stage analysis
2026-02-09 00:58:34,138 - INFO - Saved attention vs Grad-CAM → runs/run_271/visualizations/sample_14076_label_281/attention_vs_gradcam_stage2.png
2026-02-09 00:58:34,140 - INFO -   Generated attention vs Grad-CAM comparison (stage 2)
2026-02-09 00:58:34,283 - INFO -   Saved attention statistics to runs/run_271/visualizations/sample_14076_label_281/attention_statistics.json
2026-02-09 00:58:34,666 - INFO - Saved attention summary to runs/run_271/visualizations/sample_14076_label_281/attention_summary.png
2026-02-09 00:58:34,668 - INFO -   Generated attention summary plot
2026-02-09 00:58:34,669 - INFO - Processing sample 22/30 (dataset idx: 32714, label: 654)
2026-02-09 00:58:34,695 - INFO - Extracted 12 attention maps
2026-02-09 00:58:34,697 - INFO -   Stage 0 Block 0: attn=[64, 3, 49, 49], res=(56, 56), windows=64 (expected 64) ✓, shifted=False
2026-02-09 00:58:34,698 - INFO -   Stage 0 Block 1: attn=[64, 3, 49, 49], res=(56, 56), windows=64 (expected 64) ✓, shifted=True
2026-02-09 00:58:34,699 - INFO -   Stage 1 Block 0: attn=[16, 6, 49, 49], res=(28, 28), windows=16 (expected 16) ✓, shifted=False
2026-02-09 00:58:34,700 - INFO -   Stage 1 Block 1: attn=[16, 6, 49, 49], res=(28, 28), windows=16 (expected 16) ✓, shifted=True
2026-02-09 00:58:34,702 - INFO -   Stage 2 Block 0: attn=[4, 12, 49, 49], res=(14, 14), windows=4 (expected 4) ✓, shifted=False
2026-02-09 00:58:34,703 - INFO -   Stage 2 Block 1: attn=[4, 12, 49, 49], res=(14, 14), windows=4 (expected 4) ✓, shifted=True
2026-02-09 00:58:34,704 - INFO -   Stage 2 Block 2: attn=[4, 12, 49, 49], res=(14, 14), windows=4 (expected 4) ✓, shifted=False
2026-02-09 00:58:34,706 - INFO -   Stage 2 Block 3: attn=[4, 12, 49, 49], res=(14, 14), windows=4 (expected 4) ✓, shifted=True
2026-02-09 00:58:34,707 - INFO -   Stage 2 Block 4: attn=[4, 12, 49, 49], res=(14, 14), windows=4 (expected 4) ✓, shifted=False
2026-02-09 00:58:34,708 - INFO -   Stage 2 Block 5: attn=[4, 12, 49, 49], res=(14, 14), windows=4 (expected 4) ✓, shifted=True
2026-02-09 00:58:34,710 - INFO -   Stage 3 Block 0: attn=[1, 24, 49, 49], res=(7, 7), windows=1 (expected 1) ✓, shifted=False
2026-02-09 00:58:34,711 - INFO -   Stage 3 Block 1: attn=[1, 24, 49, 49], res=(7, 7), windows=1 (expected 1) ✓, shifted=False
2026-02-09 00:58:35,104 - INFO - Saved W-MSA vs SW-MSA comparison to runs/run_271/visualizations/sample_32714_label_654/wmsa_vs_swmsa_stage0_center.png
2026-02-09 00:58:35,105 - INFO -   Generated W-MSA vs SW-MSA comparison for stage 0
2026-02-09 00:58:35,588 - INFO - Saved W-MSA vs SW-MSA comparison to runs/run_271/visualizations/sample_32714_label_654/wmsa_vs_swmsa_stage1_center.png
2026-02-09 00:58:35,590 - INFO -   Generated W-MSA vs SW-MSA comparison for stage 1
2026-02-09 00:58:36,059 - INFO - Saved W-MSA vs SW-MSA comparison to runs/run_271/visualizations/sample_32714_label_654/wmsa_vs_swmsa_stage2_center.png
2026-02-09 00:58:36,061 - INFO -   Generated W-MSA vs SW-MSA comparison for stage 2
2026-02-09 00:58:36,303 - INFO - Saved combined W-MSA+SW-MSA overlay to runs/run_271/visualizations/sample_32714_label_654/combined_wmsa_swmsa_stage0.png
2026-02-09 00:58:36,305 - INFO -   Generated combined W-MSA+SW-MSA overlay for stage 0
2026-02-09 00:58:36,543 - INFO - Saved combined W-MSA+SW-MSA overlay to runs/run_271/visualizations/sample_32714_label_654/combined_wmsa_swmsa_stage1.png
2026-02-09 00:58:36,545 - INFO -   Generated combined W-MSA+SW-MSA overlay for stage 1
2026-02-09 00:58:36,790 - INFO - Saved combined W-MSA+SW-MSA overlay to runs/run_271/visualizations/sample_32714_label_654/combined_wmsa_swmsa_stage2.png
2026-02-09 00:58:36,792 - INFO -   Generated combined W-MSA+SW-MSA overlay for stage 2
2026-02-09 00:58:37,571 - INFO - Saved per-head attention to runs/run_271/visualizations/sample_32714_label_654/per_head_stage1.png
2026-02-09 00:58:37,573 - INFO -   Generated per-head attention for stage 1
2026-02-09 00:58:39,298 - INFO - Saved per-head attention to runs/run_271/visualizations/sample_32714_label_654/per_head_stage2.png
2026-02-09 00:58:39,300 - INFO -   Generated per-head attention for stage 2
2026-02-09 00:58:39,847 - INFO - Saved stage evolution to runs/run_271/visualizations/sample_32714_label_654/attention_evolution_across_stages.png
2026-02-09 00:58:39,849 - INFO -   Generated stage evolution visualization
2026-02-09 00:58:39,904 - INFO -   Grad-CAM stage 0: 56×56 → 224×224, class=654
2026-02-09 00:58:39,907 - INFO -   Grad-CAM stage 1: 28×28 → 224×224, class=654
2026-02-09 00:58:39,910 - INFO -   Grad-CAM stage 2: 14×14 → 224×224, class=654
2026-02-09 00:58:39,913 - INFO -   Grad-CAM stage 3: 7×7 → 224×224, class=654
2026-02-09 00:58:40,579 - INFO - Saved Grad-CAM multi-stage → runs/run_271/visualizations/sample_32714_label_654/gradcam_multistage_analysis.png
2026-02-09 00:58:40,581 - INFO -   Generated Grad-CAM multi-stage analysis
2026-02-09 00:58:41,001 - INFO - Saved attention vs Grad-CAM → runs/run_271/visualizations/sample_32714_label_654/attention_vs_gradcam_stage2.png
2026-02-09 00:58:41,003 - INFO -   Generated attention vs Grad-CAM comparison (stage 2)
2026-02-09 00:58:41,178 - INFO -   Saved attention statistics to runs/run_271/visualizations/sample_32714_label_654/attention_statistics.json
2026-02-09 00:58:41,764 - INFO - Saved attention summary to runs/run_271/visualizations/sample_32714_label_654/attention_summary.png
2026-02-09 00:58:41,765 - INFO -   Generated attention summary plot
2026-02-09 00:58:41,767 - INFO - Processing sample 23/30 (dataset idx: 32728, label: 654)
2026-02-09 00:58:41,784 - INFO - Extracted 12 attention maps
2026-02-09 00:58:41,785 - INFO -   Stage 0 Block 0: attn=[64, 3, 49, 49], res=(56, 56), windows=64 (expected 64) ✓, shifted=False
2026-02-09 00:58:41,787 - INFO -   Stage 0 Block 1: attn=[64, 3, 49, 49], res=(56, 56), windows=64 (expected 64) ✓, shifted=True
2026-02-09 00:58:41,788 - INFO -   Stage 1 Block 0: attn=[16, 6, 49, 49], res=(28, 28), windows=16 (expected 16) ✓, shifted=False
2026-02-09 00:58:41,789 - INFO -   Stage 1 Block 1: attn=[16, 6, 49, 49], res=(28, 28), windows=16 (expected 16) ✓, shifted=True
2026-02-09 00:58:41,791 - INFO -   Stage 2 Block 0: attn=[4, 12, 49, 49], res=(14, 14), windows=4 (expected 4) ✓, shifted=False
2026-02-09 00:58:41,792 - INFO -   Stage 2 Block 1: attn=[4, 12, 49, 49], res=(14, 14), windows=4 (expected 4) ✓, shifted=True
2026-02-09 00:58:41,793 - INFO -   Stage 2 Block 2: attn=[4, 12, 49, 49], res=(14, 14), windows=4 (expected 4) ✓, shifted=False
2026-02-09 00:58:41,794 - INFO -   Stage 2 Block 3: attn=[4, 12, 49, 49], res=(14, 14), windows=4 (expected 4) ✓, shifted=True
2026-02-09 00:58:41,795 - INFO -   Stage 2 Block 4: attn=[4, 12, 49, 49], res=(14, 14), windows=4 (expected 4) ✓, shifted=False
2026-02-09 00:58:41,797 - INFO -   Stage 2 Block 5: attn=[4, 12, 49, 49], res=(14, 14), windows=4 (expected 4) ✓, shifted=True
2026-02-09 00:58:41,798 - INFO -   Stage 3 Block 0: attn=[1, 24, 49, 49], res=(7, 7), windows=1 (expected 1) ✓, shifted=False
2026-02-09 00:58:41,800 - INFO -   Stage 3 Block 1: attn=[1, 24, 49, 49], res=(7, 7), windows=1 (expected 1) ✓, shifted=False
2026-02-09 00:58:42,256 - INFO - Saved W-MSA vs SW-MSA comparison to runs/run_271/visualizations/sample_32728_label_654/wmsa_vs_swmsa_stage0_center.png
2026-02-09 00:58:42,258 - INFO -   Generated W-MSA vs SW-MSA comparison for stage 0
2026-02-09 00:58:42,686 - INFO - Saved W-MSA vs SW-MSA comparison to runs/run_271/visualizations/sample_32728_label_654/wmsa_vs_swmsa_stage1_center.png
2026-02-09 00:58:42,688 - INFO -   Generated W-MSA vs SW-MSA comparison for stage 1
2026-02-09 00:58:43,136 - INFO - Saved W-MSA vs SW-MSA comparison to runs/run_271/visualizations/sample_32728_label_654/wmsa_vs_swmsa_stage2_center.png
2026-02-09 00:58:43,137 - INFO -   Generated W-MSA vs SW-MSA comparison for stage 2
2026-02-09 00:58:43,474 - INFO - Saved combined W-MSA+SW-MSA overlay to runs/run_271/visualizations/sample_32728_label_654/combined_wmsa_swmsa_stage0.png
2026-02-09 00:58:43,476 - INFO -   Generated combined W-MSA+SW-MSA overlay for stage 0
2026-02-09 00:58:43,771 - INFO - Saved combined W-MSA+SW-MSA overlay to runs/run_271/visualizations/sample_32728_label_654/combined_wmsa_swmsa_stage1.png
2026-02-09 00:58:43,772 - INFO -   Generated combined W-MSA+SW-MSA overlay for stage 1
2026-02-09 00:58:44,049 - INFO - Saved combined W-MSA+SW-MSA overlay to runs/run_271/visualizations/sample_32728_label_654/combined_wmsa_swmsa_stage2.png
2026-02-09 00:58:44,050 - INFO -   Generated combined W-MSA+SW-MSA overlay for stage 2
2026-02-09 00:58:44,845 - INFO - Saved per-head attention to runs/run_271/visualizations/sample_32728_label_654/per_head_stage1.png
2026-02-09 00:58:44,846 - INFO -   Generated per-head attention for stage 1
2026-02-09 00:58:46,653 - INFO - Saved per-head attention to runs/run_271/visualizations/sample_32728_label_654/per_head_stage2.png
2026-02-09 00:58:46,655 - INFO -   Generated per-head attention for stage 2
2026-02-09 00:58:47,237 - INFO - Saved stage evolution to runs/run_271/visualizations/sample_32728_label_654/attention_evolution_across_stages.png
2026-02-09 00:58:47,238 - INFO -   Generated stage evolution visualization
2026-02-09 00:58:47,305 - INFO -   Grad-CAM stage 0: 56×56 → 224×224, class=654
2026-02-09 00:58:47,308 - INFO -   Grad-CAM stage 1: 28×28 → 224×224, class=654
2026-02-09 00:58:47,311 - INFO -   Grad-CAM stage 2: 14×14 → 224×224, class=654
2026-02-09 00:58:47,313 - INFO -   Grad-CAM stage 3: 7×7 → 224×224, class=654
2026-02-09 00:58:47,952 - INFO - Saved Grad-CAM multi-stage → runs/run_271/visualizations/sample_32728_label_654/gradcam_multistage_analysis.png
2026-02-09 00:58:47,953 - INFO -   Generated Grad-CAM multi-stage analysis
2026-02-09 00:58:48,322 - INFO - Saved attention vs Grad-CAM → runs/run_271/visualizations/sample_32728_label_654/attention_vs_gradcam_stage2.png
2026-02-09 00:58:48,323 - INFO -   Generated attention vs Grad-CAM comparison (stage 2)
2026-02-09 00:58:48,450 - INFO -   Saved attention statistics to runs/run_271/visualizations/sample_32728_label_654/attention_statistics.json
2026-02-09 00:58:48,816 - INFO - Saved attention summary to runs/run_271/visualizations/sample_32728_label_654/attention_summary.png
2026-02-09 00:58:48,818 - INFO -   Generated attention summary plot
2026-02-09 00:58:48,819 - INFO - Processing sample 24/30 (dataset idx: 32737, label: 654)
2026-02-09 00:58:48,837 - INFO - Extracted 12 attention maps
2026-02-09 00:58:48,838 - INFO -   Stage 0 Block 0: attn=[64, 3, 49, 49], res=(56, 56), windows=64 (expected 64) ✓, shifted=False
2026-02-09 00:58:48,839 - INFO -   Stage 0 Block 1: attn=[64, 3, 49, 49], res=(56, 56), windows=64 (expected 64) ✓, shifted=True
2026-02-09 00:58:48,841 - INFO -   Stage 1 Block 0: attn=[16, 6, 49, 49], res=(28, 28), windows=16 (expected 16) ✓, shifted=False
2026-02-09 00:58:48,842 - INFO -   Stage 1 Block 1: attn=[16, 6, 49, 49], res=(28, 28), windows=16 (expected 16) ✓, shifted=True
2026-02-09 00:58:48,843 - INFO -   Stage 2 Block 0: attn=[4, 12, 49, 49], res=(14, 14), windows=4 (expected 4) ✓, shifted=False
2026-02-09 00:58:48,844 - INFO -   Stage 2 Block 1: attn=[4, 12, 49, 49], res=(14, 14), windows=4 (expected 4) ✓, shifted=True
2026-02-09 00:58:48,845 - INFO -   Stage 2 Block 2: attn=[4, 12, 49, 49], res=(14, 14), windows=4 (expected 4) ✓, shifted=False
2026-02-09 00:58:48,846 - INFO -   Stage 2 Block 3: attn=[4, 12, 49, 49], res=(14, 14), windows=4 (expected 4) ✓, shifted=True
2026-02-09 00:58:48,848 - INFO -   Stage 2 Block 4: attn=[4, 12, 49, 49], res=(14, 14), windows=4 (expected 4) ✓, shifted=False
2026-02-09 00:58:48,849 - INFO -   Stage 2 Block 5: attn=[4, 12, 49, 49], res=(14, 14), windows=4 (expected 4) ✓, shifted=True
2026-02-09 00:58:48,850 - INFO -   Stage 3 Block 0: attn=[1, 24, 49, 49], res=(7, 7), windows=1 (expected 1) ✓, shifted=False
2026-02-09 00:58:48,851 - INFO -   Stage 3 Block 1: attn=[1, 24, 49, 49], res=(7, 7), windows=1 (expected 1) ✓, shifted=False
2026-02-09 00:58:49,519 - INFO - Saved W-MSA vs SW-MSA comparison to runs/run_271/visualizations/sample_32737_label_654/wmsa_vs_swmsa_stage0_center.png
2026-02-09 00:58:49,521 - INFO -   Generated W-MSA vs SW-MSA comparison for stage 0
2026-02-09 00:58:49,922 - INFO - Saved W-MSA vs SW-MSA comparison to runs/run_271/visualizations/sample_32737_label_654/wmsa_vs_swmsa_stage1_center.png
2026-02-09 00:58:49,923 - INFO -   Generated W-MSA vs SW-MSA comparison for stage 1
2026-02-09 00:58:50,345 - INFO - Saved W-MSA vs SW-MSA comparison to runs/run_271/visualizations/sample_32737_label_654/wmsa_vs_swmsa_stage2_center.png
2026-02-09 00:58:50,346 - INFO -   Generated W-MSA vs SW-MSA comparison for stage 2
2026-02-09 00:58:50,698 - INFO - Saved combined W-MSA+SW-MSA overlay to runs/run_271/visualizations/sample_32737_label_654/combined_wmsa_swmsa_stage0.png
2026-02-09 00:58:50,699 - INFO -   Generated combined W-MSA+SW-MSA overlay for stage 0
2026-02-09 00:58:51,048 - INFO - Saved combined W-MSA+SW-MSA overlay to runs/run_271/visualizations/sample_32737_label_654/combined_wmsa_swmsa_stage1.png
2026-02-09 00:58:51,050 - INFO -   Generated combined W-MSA+SW-MSA overlay for stage 1
2026-02-09 00:58:51,423 - INFO - Saved combined W-MSA+SW-MSA overlay to runs/run_271/visualizations/sample_32737_label_654/combined_wmsa_swmsa_stage2.png
2026-02-09 00:58:51,425 - INFO -   Generated combined W-MSA+SW-MSA overlay for stage 2
2026-02-09 00:58:52,223 - INFO - Saved per-head attention to runs/run_271/visualizations/sample_32737_label_654/per_head_stage1.png
2026-02-09 00:58:52,224 - INFO -   Generated per-head attention for stage 1
2026-02-09 00:58:53,987 - INFO - Saved per-head attention to runs/run_271/visualizations/sample_32737_label_654/per_head_stage2.png
2026-02-09 00:58:53,990 - INFO -   Generated per-head attention for stage 2
2026-02-09 00:58:54,573 - INFO - Saved stage evolution to runs/run_271/visualizations/sample_32737_label_654/attention_evolution_across_stages.png
2026-02-09 00:58:54,574 - INFO -   Generated stage evolution visualization
2026-02-09 00:58:54,639 - INFO -   Grad-CAM stage 0: 56×56 → 224×224, class=407
2026-02-09 00:58:54,642 - INFO -   Grad-CAM stage 1: 28×28 → 224×224, class=407
2026-02-09 00:58:54,644 - INFO -   Grad-CAM stage 2: 14×14 → 224×224, class=407
2026-02-09 00:58:54,646 - INFO -   Grad-CAM stage 3: 7×7 → 224×224, class=407
2026-02-09 00:58:55,396 - INFO - Saved Grad-CAM multi-stage → runs/run_271/visualizations/sample_32737_label_654/gradcam_multistage_analysis.png
2026-02-09 00:58:55,398 - INFO -   Generated Grad-CAM multi-stage analysis
2026-02-09 00:58:55,770 - INFO - Saved attention vs Grad-CAM → runs/run_271/visualizations/sample_32737_label_654/attention_vs_gradcam_stage2.png
2026-02-09 00:58:55,771 - INFO -   Generated attention vs Grad-CAM comparison (stage 2)
2026-02-09 00:58:55,897 - INFO -   Saved attention statistics to runs/run_271/visualizations/sample_32737_label_654/attention_statistics.json
2026-02-09 00:58:56,259 - INFO - Saved attention summary to runs/run_271/visualizations/sample_32737_label_654/attention_summary.png
2026-02-09 00:58:56,260 - INFO -   Generated attention summary plot
2026-02-09 00:58:56,262 - INFO - Processing sample 25/30 (dataset idx: 37717, label: 754)
2026-02-09 00:58:56,280 - INFO - Extracted 12 attention maps
2026-02-09 00:58:56,281 - INFO -   Stage 0 Block 0: attn=[64, 3, 49, 49], res=(56, 56), windows=64 (expected 64) ✓, shifted=False
2026-02-09 00:58:56,283 - INFO -   Stage 0 Block 1: attn=[64, 3, 49, 49], res=(56, 56), windows=64 (expected 64) ✓, shifted=True
2026-02-09 00:58:56,284 - INFO -   Stage 1 Block 0: attn=[16, 6, 49, 49], res=(28, 28), windows=16 (expected 16) ✓, shifted=False
2026-02-09 00:58:56,285 - INFO -   Stage 1 Block 1: attn=[16, 6, 49, 49], res=(28, 28), windows=16 (expected 16) ✓, shifted=True
2026-02-09 00:58:56,287 - INFO -   Stage 2 Block 0: attn=[4, 12, 49, 49], res=(14, 14), windows=4 (expected 4) ✓, shifted=False
2026-02-09 00:58:56,288 - INFO -   Stage 2 Block 1: attn=[4, 12, 49, 49], res=(14, 14), windows=4 (expected 4) ✓, shifted=True
2026-02-09 00:58:56,289 - INFO -   Stage 2 Block 2: attn=[4, 12, 49, 49], res=(14, 14), windows=4 (expected 4) ✓, shifted=False
2026-02-09 00:58:56,291 - INFO -   Stage 2 Block 3: attn=[4, 12, 49, 49], res=(14, 14), windows=4 (expected 4) ✓, shifted=True
2026-02-09 00:58:56,292 - INFO -   Stage 2 Block 4: attn=[4, 12, 49, 49], res=(14, 14), windows=4 (expected 4) ✓, shifted=False
2026-02-09 00:58:56,294 - INFO -   Stage 2 Block 5: attn=[4, 12, 49, 49], res=(14, 14), windows=4 (expected 4) ✓, shifted=True
2026-02-09 00:58:56,295 - INFO -   Stage 3 Block 0: attn=[1, 24, 49, 49], res=(7, 7), windows=1 (expected 1) ✓, shifted=False
2026-02-09 00:58:56,296 - INFO -   Stage 3 Block 1: attn=[1, 24, 49, 49], res=(7, 7), windows=1 (expected 1) ✓, shifted=False
2026-02-09 00:58:56,754 - INFO - Saved W-MSA vs SW-MSA comparison to runs/run_271/visualizations/sample_37717_label_754/wmsa_vs_swmsa_stage0_center.png
2026-02-09 00:58:56,756 - INFO -   Generated W-MSA vs SW-MSA comparison for stage 0
2026-02-09 00:58:57,223 - INFO - Saved W-MSA vs SW-MSA comparison to runs/run_271/visualizations/sample_37717_label_754/wmsa_vs_swmsa_stage1_center.png
2026-02-09 00:58:57,225 - INFO -   Generated W-MSA vs SW-MSA comparison for stage 1
2026-02-09 00:58:58,019 - INFO - Saved W-MSA vs SW-MSA comparison to runs/run_271/visualizations/sample_37717_label_754/wmsa_vs_swmsa_stage2_center.png
2026-02-09 00:58:58,021 - INFO -   Generated W-MSA vs SW-MSA comparison for stage 2
2026-02-09 00:58:58,309 - INFO - Saved combined W-MSA+SW-MSA overlay to runs/run_271/visualizations/sample_37717_label_754/combined_wmsa_swmsa_stage0.png
2026-02-09 00:58:58,311 - INFO -   Generated combined W-MSA+SW-MSA overlay for stage 0
2026-02-09 00:58:58,635 - INFO - Saved combined W-MSA+SW-MSA overlay to runs/run_271/visualizations/sample_37717_label_754/combined_wmsa_swmsa_stage1.png
2026-02-09 00:58:58,637 - INFO -   Generated combined W-MSA+SW-MSA overlay for stage 1
2026-02-09 00:58:58,925 - INFO - Saved combined W-MSA+SW-MSA overlay to runs/run_271/visualizations/sample_37717_label_754/combined_wmsa_swmsa_stage2.png
2026-02-09 00:58:58,927 - INFO -   Generated combined W-MSA+SW-MSA overlay for stage 2
2026-02-09 00:58:59,713 - INFO - Saved per-head attention to runs/run_271/visualizations/sample_37717_label_754/per_head_stage1.png
2026-02-09 00:58:59,715 - INFO -   Generated per-head attention for stage 1
2026-02-09 00:59:01,486 - INFO - Saved per-head attention to runs/run_271/visualizations/sample_37717_label_754/per_head_stage2.png
2026-02-09 00:59:01,489 - INFO -   Generated per-head attention for stage 2
2026-02-09 00:59:02,146 - INFO - Saved stage evolution to runs/run_271/visualizations/sample_37717_label_754/attention_evolution_across_stages.png
2026-02-09 00:59:02,148 - INFO -   Generated stage evolution visualization
2026-02-09 00:59:02,226 - INFO -   Grad-CAM stage 0: 56×56 → 224×224, class=754
2026-02-09 00:59:02,229 - INFO -   Grad-CAM stage 1: 28×28 → 224×224, class=754
2026-02-09 00:59:02,232 - INFO -   Grad-CAM stage 2: 14×14 → 224×224, class=754
2026-02-09 00:59:02,234 - INFO -   Grad-CAM stage 3: 7×7 → 224×224, class=754
2026-02-09 00:59:02,909 - INFO - Saved Grad-CAM multi-stage → runs/run_271/visualizations/sample_37717_label_754/gradcam_multistage_analysis.png
2026-02-09 00:59:02,910 - INFO -   Generated Grad-CAM multi-stage analysis
2026-02-09 00:59:03,283 - INFO - Saved attention vs Grad-CAM → runs/run_271/visualizations/sample_37717_label_754/attention_vs_gradcam_stage2.png
2026-02-09 00:59:03,284 - INFO -   Generated attention vs Grad-CAM comparison (stage 2)
2026-02-09 00:59:03,412 - INFO -   Saved attention statistics to runs/run_271/visualizations/sample_37717_label_754/attention_statistics.json
2026-02-09 00:59:03,777 - INFO - Saved attention summary to runs/run_271/visualizations/sample_37717_label_754/attention_summary.png
2026-02-09 00:59:03,778 - INFO -   Generated attention summary plot
2026-02-09 00:59:03,780 - INFO - Processing sample 26/30 (dataset idx: 37700, label: 754)
2026-02-09 00:59:03,797 - INFO - Extracted 12 attention maps
2026-02-09 00:59:03,799 - INFO -   Stage 0 Block 0: attn=[64, 3, 49, 49], res=(56, 56), windows=64 (expected 64) ✓, shifted=False
2026-02-09 00:59:03,800 - INFO -   Stage 0 Block 1: attn=[64, 3, 49, 49], res=(56, 56), windows=64 (expected 64) ✓, shifted=True
2026-02-09 00:59:03,801 - INFO -   Stage 1 Block 0: attn=[16, 6, 49, 49], res=(28, 28), windows=16 (expected 16) ✓, shifted=False
2026-02-09 00:59:03,802 - INFO -   Stage 1 Block 1: attn=[16, 6, 49, 49], res=(28, 28), windows=16 (expected 16) ✓, shifted=True
2026-02-09 00:59:03,804 - INFO -   Stage 2 Block 0: attn=[4, 12, 49, 49], res=(14, 14), windows=4 (expected 4) ✓, shifted=False
2026-02-09 00:59:03,805 - INFO -   Stage 2 Block 1: attn=[4, 12, 49, 49], res=(14, 14), windows=4 (expected 4) ✓, shifted=True
2026-02-09 00:59:03,806 - INFO -   Stage 2 Block 2: attn=[4, 12, 49, 49], res=(14, 14), windows=4 (expected 4) ✓, shifted=False
2026-02-09 00:59:03,807 - INFO -   Stage 2 Block 3: attn=[4, 12, 49, 49], res=(14, 14), windows=4 (expected 4) ✓, shifted=True
2026-02-09 00:59:03,808 - INFO -   Stage 2 Block 4: attn=[4, 12, 49, 49], res=(14, 14), windows=4 (expected 4) ✓, shifted=False
2026-02-09 00:59:03,809 - INFO -   Stage 2 Block 5: attn=[4, 12, 49, 49], res=(14, 14), windows=4 (expected 4) ✓, shifted=True
2026-02-09 00:59:03,810 - INFO -   Stage 3 Block 0: attn=[1, 24, 49, 49], res=(7, 7), windows=1 (expected 1) ✓, shifted=False
2026-02-09 00:59:03,812 - INFO -   Stage 3 Block 1: attn=[1, 24, 49, 49], res=(7, 7), windows=1 (expected 1) ✓, shifted=False
2026-02-09 00:59:04,332 - INFO - Saved W-MSA vs SW-MSA comparison to runs/run_271/visualizations/sample_37700_label_754/wmsa_vs_swmsa_stage0_center.png
2026-02-09 00:59:04,334 - INFO -   Generated W-MSA vs SW-MSA comparison for stage 0
2026-02-09 00:59:04,882 - INFO - Saved W-MSA vs SW-MSA comparison to runs/run_271/visualizations/sample_37700_label_754/wmsa_vs_swmsa_stage1_center.png
2026-02-09 00:59:04,884 - INFO -   Generated W-MSA vs SW-MSA comparison for stage 1
2026-02-09 00:59:05,393 - INFO - Saved W-MSA vs SW-MSA comparison to runs/run_271/visualizations/sample_37700_label_754/wmsa_vs_swmsa_stage2_center.png
2026-02-09 00:59:05,395 - INFO -   Generated W-MSA vs SW-MSA comparison for stage 2
2026-02-09 00:59:05,673 - INFO - Saved combined W-MSA+SW-MSA overlay to runs/run_271/visualizations/sample_37700_label_754/combined_wmsa_swmsa_stage0.png
2026-02-09 00:59:05,674 - INFO -   Generated combined W-MSA+SW-MSA overlay for stage 0
2026-02-09 00:59:05,946 - INFO - Saved combined W-MSA+SW-MSA overlay to runs/run_271/visualizations/sample_37700_label_754/combined_wmsa_swmsa_stage1.png
2026-02-09 00:59:05,947 - INFO -   Generated combined W-MSA+SW-MSA overlay for stage 1
2026-02-09 00:59:06,225 - INFO - Saved combined W-MSA+SW-MSA overlay to runs/run_271/visualizations/sample_37700_label_754/combined_wmsa_swmsa_stage2.png
2026-02-09 00:59:06,226 - INFO -   Generated combined W-MSA+SW-MSA overlay for stage 2
2026-02-09 00:59:07,349 - INFO - Saved per-head attention to runs/run_271/visualizations/sample_37700_label_754/per_head_stage1.png
2026-02-09 00:59:07,351 - INFO -   Generated per-head attention for stage 1
2026-02-09 00:59:09,144 - INFO - Saved per-head attention to runs/run_271/visualizations/sample_37700_label_754/per_head_stage2.png
2026-02-09 00:59:09,147 - INFO -   Generated per-head attention for stage 2
2026-02-09 00:59:09,760 - INFO - Saved stage evolution to runs/run_271/visualizations/sample_37700_label_754/attention_evolution_across_stages.png
2026-02-09 00:59:09,761 - INFO -   Generated stage evolution visualization
2026-02-09 00:59:09,826 - INFO -   Grad-CAM stage 0: 56×56 → 224×224, class=754
2026-02-09 00:59:09,829 - INFO -   Grad-CAM stage 1: 28×28 → 224×224, class=754
2026-02-09 00:59:09,832 - INFO -   Grad-CAM stage 2: 14×14 → 224×224, class=754
2026-02-09 00:59:09,834 - INFO -   Grad-CAM stage 3: 7×7 → 224×224, class=754
2026-02-09 00:59:10,722 - INFO - Saved Grad-CAM multi-stage → runs/run_271/visualizations/sample_37700_label_754/gradcam_multistage_analysis.png
2026-02-09 00:59:10,724 - INFO -   Generated Grad-CAM multi-stage analysis
2026-02-09 00:59:11,117 - INFO - Saved attention vs Grad-CAM → runs/run_271/visualizations/sample_37700_label_754/attention_vs_gradcam_stage2.png
2026-02-09 00:59:11,118 - INFO -   Generated attention vs Grad-CAM comparison (stage 2)
2026-02-09 00:59:11,245 - INFO -   Saved attention statistics to runs/run_271/visualizations/sample_37700_label_754/attention_statistics.json
2026-02-09 00:59:11,603 - INFO - Saved attention summary to runs/run_271/visualizations/sample_37700_label_754/attention_summary.png
2026-02-09 00:59:11,605 - INFO -   Generated attention summary plot
2026-02-09 00:59:11,606 - INFO - Processing sample 27/30 (dataset idx: 37748, label: 754)
2026-02-09 00:59:11,624 - INFO - Extracted 12 attention maps
2026-02-09 00:59:11,625 - INFO -   Stage 0 Block 0: attn=[64, 3, 49, 49], res=(56, 56), windows=64 (expected 64) ✓, shifted=False
2026-02-09 00:59:11,626 - INFO -   Stage 0 Block 1: attn=[64, 3, 49, 49], res=(56, 56), windows=64 (expected 64) ✓, shifted=True
2026-02-09 00:59:11,628 - INFO -   Stage 1 Block 0: attn=[16, 6, 49, 49], res=(28, 28), windows=16 (expected 16) ✓, shifted=False
2026-02-09 00:59:11,629 - INFO -   Stage 1 Block 1: attn=[16, 6, 49, 49], res=(28, 28), windows=16 (expected 16) ✓, shifted=True
2026-02-09 00:59:11,631 - INFO -   Stage 2 Block 0: attn=[4, 12, 49, 49], res=(14, 14), windows=4 (expected 4) ✓, shifted=False
2026-02-09 00:59:11,632 - INFO -   Stage 2 Block 1: attn=[4, 12, 49, 49], res=(14, 14), windows=4 (expected 4) ✓, shifted=True
2026-02-09 00:59:11,633 - INFO -   Stage 2 Block 2: attn=[4, 12, 49, 49], res=(14, 14), windows=4 (expected 4) ✓, shifted=False
2026-02-09 00:59:11,634 - INFO -   Stage 2 Block 3: attn=[4, 12, 49, 49], res=(14, 14), windows=4 (expected 4) ✓, shifted=True
2026-02-09 00:59:11,636 - INFO -   Stage 2 Block 4: attn=[4, 12, 49, 49], res=(14, 14), windows=4 (expected 4) ✓, shifted=False
2026-02-09 00:59:11,637 - INFO -   Stage 2 Block 5: attn=[4, 12, 49, 49], res=(14, 14), windows=4 (expected 4) ✓, shifted=True
2026-02-09 00:59:11,638 - INFO -   Stage 3 Block 0: attn=[1, 24, 49, 49], res=(7, 7), windows=1 (expected 1) ✓, shifted=False
2026-02-09 00:59:11,640 - INFO -   Stage 3 Block 1: attn=[1, 24, 49, 49], res=(7, 7), windows=1 (expected 1) ✓, shifted=False
2026-02-09 00:59:12,120 - INFO - Saved W-MSA vs SW-MSA comparison to runs/run_271/visualizations/sample_37748_label_754/wmsa_vs_swmsa_stage0_center.png
2026-02-09 00:59:12,121 - INFO -   Generated W-MSA vs SW-MSA comparison for stage 0
2026-02-09 00:59:12,543 - INFO - Saved W-MSA vs SW-MSA comparison to runs/run_271/visualizations/sample_37748_label_754/wmsa_vs_swmsa_stage1_center.png
2026-02-09 00:59:12,545 - INFO -   Generated W-MSA vs SW-MSA comparison for stage 1
2026-02-09 00:59:13,064 - INFO - Saved W-MSA vs SW-MSA comparison to runs/run_271/visualizations/sample_37748_label_754/wmsa_vs_swmsa_stage2_center.png
2026-02-09 00:59:13,065 - INFO -   Generated W-MSA vs SW-MSA comparison for stage 2
2026-02-09 00:59:13,337 - INFO - Saved combined W-MSA+SW-MSA overlay to runs/run_271/visualizations/sample_37748_label_754/combined_wmsa_swmsa_stage0.png
2026-02-09 00:59:13,338 - INFO -   Generated combined W-MSA+SW-MSA overlay for stage 0
2026-02-09 00:59:13,591 - INFO - Saved combined W-MSA+SW-MSA overlay to runs/run_271/visualizations/sample_37748_label_754/combined_wmsa_swmsa_stage1.png
2026-02-09 00:59:13,593 - INFO -   Generated combined W-MSA+SW-MSA overlay for stage 1
2026-02-09 00:59:13,858 - INFO - Saved combined W-MSA+SW-MSA overlay to runs/run_271/visualizations/sample_37748_label_754/combined_wmsa_swmsa_stage2.png
2026-02-09 00:59:13,859 - INFO -   Generated combined W-MSA+SW-MSA overlay for stage 2
2026-02-09 00:59:14,973 - INFO - Saved per-head attention to runs/run_271/visualizations/sample_37748_label_754/per_head_stage1.png
2026-02-09 00:59:14,975 - INFO -   Generated per-head attention for stage 1
2026-02-09 00:59:16,577 - INFO - Saved per-head attention to runs/run_271/visualizations/sample_37748_label_754/per_head_stage2.png
2026-02-09 00:59:16,579 - INFO -   Generated per-head attention for stage 2
2026-02-09 00:59:17,152 - INFO - Saved stage evolution to runs/run_271/visualizations/sample_37748_label_754/attention_evolution_across_stages.png
2026-02-09 00:59:17,154 - INFO -   Generated stage evolution visualization
2026-02-09 00:59:17,212 - INFO -   Grad-CAM stage 0: 56×56 → 224×224, class=754
2026-02-09 00:59:17,216 - INFO -   Grad-CAM stage 1: 28×28 → 224×224, class=754
2026-02-09 00:59:17,218 - INFO -   Grad-CAM stage 2: 14×14 → 224×224, class=754
2026-02-09 00:59:17,221 - INFO -   Grad-CAM stage 3: 7×7 → 224×224, class=754
2026-02-09 00:59:18,220 - INFO - Saved Grad-CAM multi-stage → runs/run_271/visualizations/sample_37748_label_754/gradcam_multistage_analysis.png
2026-02-09 00:59:18,221 - INFO -   Generated Grad-CAM multi-stage analysis
2026-02-09 00:59:18,684 - INFO - Saved attention vs Grad-CAM → runs/run_271/visualizations/sample_37748_label_754/attention_vs_gradcam_stage2.png
2026-02-09 00:59:18,686 - INFO -   Generated attention vs Grad-CAM comparison (stage 2)
2026-02-09 00:59:18,856 - INFO -   Saved attention statistics to runs/run_271/visualizations/sample_37748_label_754/attention_statistics.json
2026-02-09 00:59:19,275 - INFO - Saved attention summary to runs/run_271/visualizations/sample_37748_label_754/attention_summary.png
2026-02-09 00:59:19,277 - INFO -   Generated attention summary plot
2026-02-09 00:59:19,278 - INFO - Processing sample 28/30 (dataset idx: 37960, label: 759)
2026-02-09 00:59:19,297 - INFO - Extracted 12 attention maps
2026-02-09 00:59:19,299 - INFO -   Stage 0 Block 0: attn=[64, 3, 49, 49], res=(56, 56), windows=64 (expected 64) ✓, shifted=False
2026-02-09 00:59:19,300 - INFO -   Stage 0 Block 1: attn=[64, 3, 49, 49], res=(56, 56), windows=64 (expected 64) ✓, shifted=True
2026-02-09 00:59:19,301 - INFO -   Stage 1 Block 0: attn=[16, 6, 49, 49], res=(28, 28), windows=16 (expected 16) ✓, shifted=False
2026-02-09 00:59:19,303 - INFO -   Stage 1 Block 1: attn=[16, 6, 49, 49], res=(28, 28), windows=16 (expected 16) ✓, shifted=True
2026-02-09 00:59:19,304 - INFO -   Stage 2 Block 0: attn=[4, 12, 49, 49], res=(14, 14), windows=4 (expected 4) ✓, shifted=False
2026-02-09 00:59:19,305 - INFO -   Stage 2 Block 1: attn=[4, 12, 49, 49], res=(14, 14), windows=4 (expected 4) ✓, shifted=True
2026-02-09 00:59:19,306 - INFO -   Stage 2 Block 2: attn=[4, 12, 49, 49], res=(14, 14), windows=4 (expected 4) ✓, shifted=False
2026-02-09 00:59:19,307 - INFO -   Stage 2 Block 3: attn=[4, 12, 49, 49], res=(14, 14), windows=4 (expected 4) ✓, shifted=True
2026-02-09 00:59:19,309 - INFO -   Stage 2 Block 4: attn=[4, 12, 49, 49], res=(14, 14), windows=4 (expected 4) ✓, shifted=False
2026-02-09 00:59:19,310 - INFO -   Stage 2 Block 5: attn=[4, 12, 49, 49], res=(14, 14), windows=4 (expected 4) ✓, shifted=True
2026-02-09 00:59:19,312 - INFO -   Stage 3 Block 0: attn=[1, 24, 49, 49], res=(7, 7), windows=1 (expected 1) ✓, shifted=False
2026-02-09 00:59:19,313 - INFO -   Stage 3 Block 1: attn=[1, 24, 49, 49], res=(7, 7), windows=1 (expected 1) ✓, shifted=False
2026-02-09 00:59:19,816 - INFO - Saved W-MSA vs SW-MSA comparison to runs/run_271/visualizations/sample_37960_label_759/wmsa_vs_swmsa_stage0_center.png
2026-02-09 00:59:19,817 - INFO -   Generated W-MSA vs SW-MSA comparison for stage 0
2026-02-09 00:59:20,273 - INFO - Saved W-MSA vs SW-MSA comparison to runs/run_271/visualizations/sample_37960_label_759/wmsa_vs_swmsa_stage1_center.png
2026-02-09 00:59:20,275 - INFO -   Generated W-MSA vs SW-MSA comparison for stage 1
2026-02-09 00:59:20,737 - INFO - Saved W-MSA vs SW-MSA comparison to runs/run_271/visualizations/sample_37960_label_759/wmsa_vs_swmsa_stage2_center.png
2026-02-09 00:59:20,738 - INFO -   Generated W-MSA vs SW-MSA comparison for stage 2
2026-02-09 00:59:21,006 - INFO - Saved combined W-MSA+SW-MSA overlay to runs/run_271/visualizations/sample_37960_label_759/combined_wmsa_swmsa_stage0.png
2026-02-09 00:59:21,007 - INFO -   Generated combined W-MSA+SW-MSA overlay for stage 0
2026-02-09 00:59:21,294 - INFO - Saved combined W-MSA+SW-MSA overlay to runs/run_271/visualizations/sample_37960_label_759/combined_wmsa_swmsa_stage1.png
2026-02-09 00:59:21,295 - INFO -   Generated combined W-MSA+SW-MSA overlay for stage 1
2026-02-09 00:59:21,580 - INFO - Saved combined W-MSA+SW-MSA overlay to runs/run_271/visualizations/sample_37960_label_759/combined_wmsa_swmsa_stage2.png
2026-02-09 00:59:21,581 - INFO -   Generated combined W-MSA+SW-MSA overlay for stage 2
2026-02-09 00:59:22,478 - INFO - Saved per-head attention to runs/run_271/visualizations/sample_37960_label_759/per_head_stage1.png
2026-02-09 00:59:22,480 - INFO -   Generated per-head attention for stage 1
2026-02-09 00:59:24,292 - INFO - Saved per-head attention to runs/run_271/visualizations/sample_37960_label_759/per_head_stage2.png
2026-02-09 00:59:24,295 - INFO -   Generated per-head attention for stage 2
2026-02-09 00:59:24,876 - INFO - Saved stage evolution to runs/run_271/visualizations/sample_37960_label_759/attention_evolution_across_stages.png
2026-02-09 00:59:24,878 - INFO -   Generated stage evolution visualization
2026-02-09 00:59:24,943 - INFO -   Grad-CAM stage 0: 56×56 → 224×224, class=759
2026-02-09 00:59:24,946 - INFO -   Grad-CAM stage 1: 28×28 → 224×224, class=759
2026-02-09 00:59:24,948 - INFO -   Grad-CAM stage 2: 14×14 → 224×224, class=759
2026-02-09 00:59:24,951 - INFO -   Grad-CAM stage 3: 7×7 → 224×224, class=759
2026-02-09 00:59:25,569 - INFO - Saved Grad-CAM multi-stage → runs/run_271/visualizations/sample_37960_label_759/gradcam_multistage_analysis.png
2026-02-09 00:59:25,570 - INFO -   Generated Grad-CAM multi-stage analysis
2026-02-09 00:59:25,901 - INFO - Saved attention vs Grad-CAM → runs/run_271/visualizations/sample_37960_label_759/attention_vs_gradcam_stage2.png
2026-02-09 00:59:25,902 - INFO -   Generated attention vs Grad-CAM comparison (stage 2)
2026-02-09 00:59:26,060 - INFO -   Saved attention statistics to runs/run_271/visualizations/sample_37960_label_759/attention_statistics.json
2026-02-09 00:59:26,664 - INFO - Saved attention summary to runs/run_271/visualizations/sample_37960_label_759/attention_summary.png
2026-02-09 00:59:26,665 - INFO -   Generated attention summary plot
2026-02-09 00:59:26,667 - INFO - Processing sample 29/30 (dataset idx: 37994, label: 759)
2026-02-09 00:59:26,685 - INFO - Extracted 12 attention maps
2026-02-09 00:59:26,687 - INFO -   Stage 0 Block 0: attn=[64, 3, 49, 49], res=(56, 56), windows=64 (expected 64) ✓, shifted=False
2026-02-09 00:59:26,688 - INFO -   Stage 0 Block 1: attn=[64, 3, 49, 49], res=(56, 56), windows=64 (expected 64) ✓, shifted=True
2026-02-09 00:59:26,689 - INFO -   Stage 1 Block 0: attn=[16, 6, 49, 49], res=(28, 28), windows=16 (expected 16) ✓, shifted=False
2026-02-09 00:59:26,691 - INFO -   Stage 1 Block 1: attn=[16, 6, 49, 49], res=(28, 28), windows=16 (expected 16) ✓, shifted=True
2026-02-09 00:59:26,692 - INFO -   Stage 2 Block 0: attn=[4, 12, 49, 49], res=(14, 14), windows=4 (expected 4) ✓, shifted=False
2026-02-09 00:59:26,693 - INFO -   Stage 2 Block 1: attn=[4, 12, 49, 49], res=(14, 14), windows=4 (expected 4) ✓, shifted=True
2026-02-09 00:59:26,695 - INFO -   Stage 2 Block 2: attn=[4, 12, 49, 49], res=(14, 14), windows=4 (expected 4) ✓, shifted=False
2026-02-09 00:59:26,696 - INFO -   Stage 2 Block 3: attn=[4, 12, 49, 49], res=(14, 14), windows=4 (expected 4) ✓, shifted=True
2026-02-09 00:59:26,698 - INFO -   Stage 2 Block 4: attn=[4, 12, 49, 49], res=(14, 14), windows=4 (expected 4) ✓, shifted=False
2026-02-09 00:59:26,699 - INFO -   Stage 2 Block 5: attn=[4, 12, 49, 49], res=(14, 14), windows=4 (expected 4) ✓, shifted=True
2026-02-09 00:59:26,700 - INFO -   Stage 3 Block 0: attn=[1, 24, 49, 49], res=(7, 7), windows=1 (expected 1) ✓, shifted=False
2026-02-09 00:59:26,701 - INFO -   Stage 3 Block 1: attn=[1, 24, 49, 49], res=(7, 7), windows=1 (expected 1) ✓, shifted=False
2026-02-09 00:59:27,156 - INFO - Saved W-MSA vs SW-MSA comparison to runs/run_271/visualizations/sample_37994_label_759/wmsa_vs_swmsa_stage0_center.png
2026-02-09 00:59:27,158 - INFO -   Generated W-MSA vs SW-MSA comparison for stage 0
2026-02-09 00:59:27,593 - INFO - Saved W-MSA vs SW-MSA comparison to runs/run_271/visualizations/sample_37994_label_759/wmsa_vs_swmsa_stage1_center.png
2026-02-09 00:59:27,594 - INFO -   Generated W-MSA vs SW-MSA comparison for stage 1
2026-02-09 00:59:28,048 - INFO - Saved W-MSA vs SW-MSA comparison to runs/run_271/visualizations/sample_37994_label_759/wmsa_vs_swmsa_stage2_center.png
2026-02-09 00:59:28,050 - INFO -   Generated W-MSA vs SW-MSA comparison for stage 2
2026-02-09 00:59:28,322 - INFO - Saved combined W-MSA+SW-MSA overlay to runs/run_271/visualizations/sample_37994_label_759/combined_wmsa_swmsa_stage0.png
2026-02-09 00:59:28,323 - INFO -   Generated combined W-MSA+SW-MSA overlay for stage 0
2026-02-09 00:59:28,594 - INFO - Saved combined W-MSA+SW-MSA overlay to runs/run_271/visualizations/sample_37994_label_759/combined_wmsa_swmsa_stage1.png
2026-02-09 00:59:28,595 - INFO -   Generated combined W-MSA+SW-MSA overlay for stage 1
2026-02-09 00:59:28,872 - INFO - Saved combined W-MSA+SW-MSA overlay to runs/run_271/visualizations/sample_37994_label_759/combined_wmsa_swmsa_stage2.png
2026-02-09 00:59:28,874 - INFO -   Generated combined W-MSA+SW-MSA overlay for stage 2
2026-02-09 00:59:29,696 - INFO - Saved per-head attention to runs/run_271/visualizations/sample_37994_label_759/per_head_stage1.png
2026-02-09 00:59:29,697 - INFO -   Generated per-head attention for stage 1
2026-02-09 00:59:31,563 - INFO - Saved per-head attention to runs/run_271/visualizations/sample_37994_label_759/per_head_stage2.png
2026-02-09 00:59:31,565 - INFO -   Generated per-head attention for stage 2
2026-02-09 00:59:32,313 - INFO - Saved stage evolution to runs/run_271/visualizations/sample_37994_label_759/attention_evolution_across_stages.png
2026-02-09 00:59:32,314 - INFO -   Generated stage evolution visualization
2026-02-09 00:59:32,404 - INFO -   Grad-CAM stage 0: 56×56 → 224×224, class=759
2026-02-09 00:59:32,407 - INFO -   Grad-CAM stage 1: 28×28 → 224×224, class=759
2026-02-09 00:59:32,409 - INFO -   Grad-CAM stage 2: 14×14 → 224×224, class=759
2026-02-09 00:59:32,412 - INFO -   Grad-CAM stage 3: 7×7 → 224×224, class=759
2026-02-09 00:59:33,092 - INFO - Saved Grad-CAM multi-stage → runs/run_271/visualizations/sample_37994_label_759/gradcam_multistage_analysis.png
2026-02-09 00:59:33,094 - INFO -   Generated Grad-CAM multi-stage analysis
2026-02-09 00:59:33,524 - INFO - Saved attention vs Grad-CAM → runs/run_271/visualizations/sample_37994_label_759/attention_vs_gradcam_stage2.png
2026-02-09 00:59:33,525 - INFO -   Generated attention vs Grad-CAM comparison (stage 2)
2026-02-09 00:59:33,667 - INFO -   Saved attention statistics to runs/run_271/visualizations/sample_37994_label_759/attention_statistics.json
2026-02-09 00:59:34,287 - INFO - Saved attention summary to runs/run_271/visualizations/sample_37994_label_759/attention_summary.png
2026-02-09 00:59:34,289 - INFO -   Generated attention summary plot
2026-02-09 00:59:34,290 - INFO - Processing sample 30/30 (dataset idx: 37977, label: 759)
2026-02-09 00:59:34,307 - INFO - Extracted 12 attention maps
2026-02-09 00:59:34,309 - INFO -   Stage 0 Block 0: attn=[64, 3, 49, 49], res=(56, 56), windows=64 (expected 64) ✓, shifted=False
2026-02-09 00:59:34,310 - INFO -   Stage 0 Block 1: attn=[64, 3, 49, 49], res=(56, 56), windows=64 (expected 64) ✓, shifted=True
2026-02-09 00:59:34,311 - INFO -   Stage 1 Block 0: attn=[16, 6, 49, 49], res=(28, 28), windows=16 (expected 16) ✓, shifted=False
2026-02-09 00:59:34,312 - INFO -   Stage 1 Block 1: attn=[16, 6, 49, 49], res=(28, 28), windows=16 (expected 16) ✓, shifted=True
2026-02-09 00:59:34,313 - INFO -   Stage 2 Block 0: attn=[4, 12, 49, 49], res=(14, 14), windows=4 (expected 4) ✓, shifted=False
2026-02-09 00:59:34,315 - INFO -   Stage 2 Block 1: attn=[4, 12, 49, 49], res=(14, 14), windows=4 (expected 4) ✓, shifted=True
2026-02-09 00:59:34,316 - INFO -   Stage 2 Block 2: attn=[4, 12, 49, 49], res=(14, 14), windows=4 (expected 4) ✓, shifted=False
2026-02-09 00:59:34,317 - INFO -   Stage 2 Block 3: attn=[4, 12, 49, 49], res=(14, 14), windows=4 (expected 4) ✓, shifted=True
2026-02-09 00:59:34,318 - INFO -   Stage 2 Block 4: attn=[4, 12, 49, 49], res=(14, 14), windows=4 (expected 4) ✓, shifted=False
2026-02-09 00:59:34,319 - INFO -   Stage 2 Block 5: attn=[4, 12, 49, 49], res=(14, 14), windows=4 (expected 4) ✓, shifted=True
2026-02-09 00:59:34,321 - INFO -   Stage 3 Block 0: attn=[1, 24, 49, 49], res=(7, 7), windows=1 (expected 1) ✓, shifted=False
2026-02-09 00:59:34,322 - INFO -   Stage 3 Block 1: attn=[1, 24, 49, 49], res=(7, 7), windows=1 (expected 1) ✓, shifted=False
2026-02-09 00:59:34,821 - INFO - Saved W-MSA vs SW-MSA comparison to runs/run_271/visualizations/sample_37977_label_759/wmsa_vs_swmsa_stage0_center.png
2026-02-09 00:59:34,822 - INFO -   Generated W-MSA vs SW-MSA comparison for stage 0
2026-02-09 00:59:35,257 - INFO - Saved W-MSA vs SW-MSA comparison to runs/run_271/visualizations/sample_37977_label_759/wmsa_vs_swmsa_stage1_center.png
2026-02-09 00:59:35,259 - INFO -   Generated W-MSA vs SW-MSA comparison for stage 1
2026-02-09 00:59:35,686 - INFO - Saved W-MSA vs SW-MSA comparison to runs/run_271/visualizations/sample_37977_label_759/wmsa_vs_swmsa_stage2_center.png
2026-02-09 00:59:35,688 - INFO -   Generated W-MSA vs SW-MSA comparison for stage 2
2026-02-09 00:59:35,939 - INFO - Saved combined W-MSA+SW-MSA overlay to runs/run_271/visualizations/sample_37977_label_759/combined_wmsa_swmsa_stage0.png
2026-02-09 00:59:35,940 - INFO -   Generated combined W-MSA+SW-MSA overlay for stage 0
2026-02-09 00:59:36,196 - INFO - Saved combined W-MSA+SW-MSA overlay to runs/run_271/visualizations/sample_37977_label_759/combined_wmsa_swmsa_stage1.png
2026-02-09 00:59:36,197 - INFO -   Generated combined W-MSA+SW-MSA overlay for stage 1
2026-02-09 00:59:36,457 - INFO - Saved combined W-MSA+SW-MSA overlay to runs/run_271/visualizations/sample_37977_label_759/combined_wmsa_swmsa_stage2.png
2026-02-09 00:59:36,459 - INFO -   Generated combined W-MSA+SW-MSA overlay for stage 2
2026-02-09 00:59:37,491 - INFO - Saved per-head attention to runs/run_271/visualizations/sample_37977_label_759/per_head_stage1.png
2026-02-09 00:59:37,493 - INFO -   Generated per-head attention for stage 1
2026-02-09 00:59:39,557 - INFO - Saved per-head attention to runs/run_271/visualizations/sample_37977_label_759/per_head_stage2.png
2026-02-09 00:59:39,560 - INFO -   Generated per-head attention for stage 2
2026-02-09 00:59:40,227 - INFO - Saved stage evolution to runs/run_271/visualizations/sample_37977_label_759/attention_evolution_across_stages.png
2026-02-09 00:59:40,229 - INFO -   Generated stage evolution visualization
2026-02-09 00:59:40,294 - INFO -   Grad-CAM stage 0: 56×56 → 224×224, class=759
2026-02-09 00:59:40,297 - INFO -   Grad-CAM stage 1: 28×28 → 224×224, class=759
2026-02-09 00:59:40,300 - INFO -   Grad-CAM stage 2: 14×14 → 224×224, class=759
2026-02-09 00:59:40,303 - INFO -   Grad-CAM stage 3: 7×7 → 224×224, class=759
2026-02-09 00:59:41,039 - INFO - Saved Grad-CAM multi-stage → runs/run_271/visualizations/sample_37977_label_759/gradcam_multistage_analysis.png
2026-02-09 00:59:41,040 - INFO -   Generated Grad-CAM multi-stage analysis
2026-02-09 00:59:41,454 - INFO - Saved attention vs Grad-CAM → runs/run_271/visualizations/sample_37977_label_759/attention_vs_gradcam_stage2.png
2026-02-09 00:59:41,455 - INFO -   Generated attention vs Grad-CAM comparison (stage 2)
2026-02-09 00:59:41,600 - INFO -   Saved attention statistics to runs/run_271/visualizations/sample_37977_label_759/attention_statistics.json
2026-02-09 00:59:42,031 - INFO - Saved attention summary to runs/run_271/visualizations/sample_37977_label_759/attention_summary.png
2026-02-09 00:59:42,033 - INFO -   Generated attention summary plot
2026-02-09 00:59:42,034 - INFO - Generated 360 visualizations for 30 samples
2026-02-09 00:59:42,038 - INFO - ================================================================================
2026-02-09 00:59:42,039 - INFO - EXPLAINABILITY PIPELINE COMPLETED
2026-02-09 00:59:42,040 - INFO - Generated 360 visualizations
2026-02-09 00:59:42,042 - INFO - Analyzed stages: [0, 1, 2]
2026-02-09 00:59:42,043 - INFO - Results saved to: runs/run_271
2026-02-09 00:59:42,044 - INFO - ================================================================================
2026-02-09 00:59:42,047 - INFO - ================================================================================
2026-02-09 00:59:42,048 - INFO - EXPLAINABILITY ANALYSIS COMPLETED SUCCESSFULLY
2026-02-09 00:59:42,050 - INFO - Results saved to: runs/run_271
2026-02-09 00:59:42,051 - INFO - ================================================================================
